id,shubetu_id,kokushi_id,school_cd,school_name,school_kananame
1,1,2,270,愛国学園大学,アイコクガクエンダイガク
2,1,2,915,愛知医科大学,アイチイカダイガク
3,0,2,7915,愛知医科大学大学院,アイチイカダイガクダイガクイン
4,1,2,485,愛知学院大学,アイチガクインダイガク
5,0,2,7485,愛知学院大学大学院,アイチガクインダイガクダイガクイン
6,1,2,486,愛知学泉大学,アイチガクセンダイガク
7,1,1,80,愛知教育大学,アイチキヨウイクダイガク
8,0,1,7080,愛知教育大学大学院,アイチキヨウイクダイガクダイガクイン
9,1,1,82,愛知県立芸術大学,アイチケンリツゲイジユツダイガク
10,0,1,7082,愛知県立芸術大学大学院,アイチケンリツゲイジユツダイガクダイガクイン
11,1,1,81,愛知県立大学,アイチケンリツダイガク
12,0,1,7081,愛知県立大学大学院,アイチケンリツダイガクダイガクイン
13,1,2,517,愛知工科大学,アイチコウカダイガク
14,0,2,7517,愛知工科大学大学院,アイチコウカダイガクダイガクイン
15,1,2,487,愛知工業大学,アイチコウギヨウダイガク
16,0,2,7487,愛知工業大学大学院,アイチコウギヨウダイガクダイガクイン
17,1,2,484,愛知産業大学,アイチサンギヨウダイガク
18,0,2,7484,愛知産業大学大学院,アイチサンギヨウダイガクダイガクイン
19,1,2,488,愛知淑徳大学,アイチシユクトクダイガク
20,0,2,7488,愛知淑徳大学大学院,アイチシユクトクダイガクダイガクイン
21,1,2,483,愛知大学,アイチダイガク
22,0,2,7483,愛知大学大学院,アイチダイガクダイガクイン
23,1,2,981,愛知東邦大学,アイチトウホウダイガク
24,1,2,515,愛知文教大学,アイチブンキヨウダイガク
25,0,2,7515,愛知文教大学大学院,アイチブンキヨウダイガクダイガクイン
26,1,2,496,愛知みずほ大学,アイチミズホダイガク
27,0,2,7496,愛知みずほ大学大学院,アイチミズホダイガクダイガクイン
28,1,1,25,会津大学,アイヅダイガク
29,0,1,7025,会津大学大学院,アイヅダイガクダイガクイン
30,1,2,267,藍野大学,アイノダイガク
31,0,2,7267,藍野大学大学院,アイノダイガクダイガクイン
32,1,1,752,青森県立保健大学,アオモリケンリツホケンダイガク
33,0,1,7752,青森県立保健大学大学院,アオモリケンリツホケンダイガクダイガクイン
34,1,1,14,青森公立大学,アオモリコウリツダイガク
35,0,1,7014,青森公立大学大学院,アオモリコウリツダイガクダイガクイン
36,1,2,221,青森大学,アオモリダイガク
37,1,2,220,青森中央学院大学,アオモリチユウオウガクインダイガク
38,0,2,7220,青森中央学院大学大学院,アオモリチユウオウガクインダイガクダイガクイン
39,1,2,325,青山学院大学,アオヤマガクインダイガク
40,0,2,7325,青山学院大学大学院,アオヤマガクインダイガクダイガクイン
41,1,2,863,秋田看護福祉大学,アキタカンゴフクシダイガク
42,1,1,753,秋田県立大学,アキタケンリツダイガク
43,0,1,7753,秋田県立大学大学院,アキタケンリツダイガクダイガクイン
44,1,1,189,秋田公立美術大学,アキタコウリツビジユツダイガク
45,0,1,7189,秋田公立美術大学大学院,アキタコウリツビジユツダイガクダイガクイン
46,1,1,17,秋田大学,アキタダイガク
47,0,1,7017,秋田大学大学院,アキタダイガクダイガクイン
48,1,1,850,旭川医科大学,アサヒカワイカダイガク
49,0,1,7850,旭川医科大学大学院,アサヒカワイカダイガクダイガクイン
50,1,2,201,旭川大学,アサヒカワダイガク
51,0,2,7201,旭川大学大学院,アサヒカワダイガクダイガクイン
52,1,2,478,朝日大学,アサヒダイガク
53,0,2,7478,朝日大学大学院,アサヒダイガクダイガクイン
54,1,2,431,麻布大学,アザブダイガク
55,0,2,7431,麻布大学大学院,アザブダイガクダイガクイン
56,1,2,326,亜細亜大学,アジアダイガク
57,0,2,7326,亜細亜大学大学院,アジアダイガクダイガクイン
58,1,2,251,足利工業大学,アシカガコウギヨウダイガク
59,0,2,7251,足利工業大学大学院,アシカガコウギヨウダイガクダイガクイン
60,1,2,209,足利大学,アシカガダイガク
61,0,2,7209,足利大学大学院,アシカガダイガクダイガクイン
62,1,2,601,芦屋大学,アシヤダイガク
63,0,2,7601,芦屋大学大学院,アシヤダイガクダイガクイン
64,1,2,301,跡見学園女子大学,アトミガクエンジヨシダイガク
65,0,2,7301,跡見学園女子大学大学院,アトミガクエンジヨシダイガクダイガクイン
66,1,2,119,育英大学,イクエイダイガク
67,1,1,921,石川県立看護大学,イシカワケンリツカンゴダイガク
68,0,1,7921,石川県立看護大学大学院,イシカワケンリツカンゴダイガクダイガクイン
69,1,1,782,石川県立大学,イシカワケンリツダイガク
70,0,1,7782,石川県立大学大学院,イシカワケンリツダイガクダイガクイン
71,1,2,234,石巻専修大学,イシノマキセンシユウダイガク
72,0,2,7234,石巻専修大学大学院,イシノマキセンシユウダイガクダイガクイン
73,1,2,55,一宮研伸大学,イチノミヤケンシンダイガク
74,1,2,257,茨城キリスト教大学,イバラギキリストキヨウダイガク
75,0,2,7257,茨城キリスト教大学大学院,イバラギキリストキヨウダイガクダイガクイン
76,1,1,870,茨城県立医療大学,イバラキケンリツイリヨウダイガク
77,0,1,7870,茨城県立医療大学大学院,イバラギケンリツイリヨウダイガクダイガクイン
78,1,1,35,茨城大学,イバラギダイガク
79,0,1,7035,茨城大学大学院,イバラギダイガクダイガクイン
80,1,2,406,医療創生大学,イリヨウソウセイダイガク
81,1,2,242,いわき明星大学,イワキメイセイダイガク
82,0,2,7242,いわき明星大学大学院,イワキメイセイダイガクダイガクイン
83,1,2,861,岩手医科大学,イワテイカダイガク
84,0,2,7861,岩手医科大学大学院,イワテイカダイガクダイガクイン
85,1,1,18,岩手県立大学,イワテケンリツダイガク
86,0,1,7018,岩手県立大学大学院,イワテケンリツダイガクダイガクイン
87,1,1,16,岩手大学,イワテダイガク
88,0,1,7016,岩手大学大学院,イワテダイガクダイガクイン
89,1,2,113,岩手保健医療大学,イワテホケンイリヨウダイガク
90,1,2,995,植草学園大学,ウエクサガクエンダイガク
91,1,2,327,上野学園大学,ウエノガクエンダイガク
92,1,2,323,宇都宮共和大学,ウツノミヤキヨウワダイガク
93,1,1,31,宇都宮大学,ウツノミヤダイガク
94,0,1,7031,宇都宮大学大学院,ウツノミヤダイガクダイガクイン
95,1,2,667,宇部フロンティア大学,ウベフロンテイアダイガク
96,0,2,7667,宇部フロンティア大学大学院,ウベフロンテイアダイガクダイガクイン
97,1,2,768,浦和大学,ウラワダイガク
98,0,2,7728,ＳＢＩ大学院大学,エスビーアイダイガクインダイガク
99,1,2,271,江戸川大学,エドガワダイガク
100,1,1,11,愛媛県立医療技術大学,エヒメケンリツイリヨウギジユツダイガク
101,0,1,7197,愛媛県立医療技術大学大学院,エヒメケンリツイリヨウギジユツダイガクダイガクイン
102,1,1,149,愛媛大学,エヒメダイガク
103,0,1,7149,愛媛大学大学院,エヒメダイガクダイガクイン
104,1,2,955,エリザベト音楽大学,エリザベトオンガクダイガク
105,0,2,7955,エリザベト音楽大学大学院,エリザベトオンガクダイガクダイガクイン
106,1,2,245,奥羽大学,オウウダイガク
107,0,2,7245,奥羽大学大学院,オウウダイガクダイガクイン
108,1,2,516,桜花学園大学,オウカガクエンダイガク
109,0,2,7516,桜花学園大学大学院,オウカガクエンダイガクダイガクイン
110,1,2,577,追手門学院大学,オウテモンガクインダイガク
111,0,2,7577,追手門学院大学大学院,オウテモンガクインダイガクダイガクイン
112,1,2,329,桜美林大学,オウビリンダイガク
113,0,2,7329,桜美林大学大学院,オウビリンダイガクダイガクイン
114,1,1,967,大分県立看護科学大学,オオイタケンリツカンゴカガクダイガク
115,0,1,7967,大分県立看護科学大学大学院,オオイタケンリツカンゴカガクダイガクダイガクイン
116,1,1,168,大分大学,オオイタダイガク
117,0,1,7168,大分大学大学院,オオイタダイガクダイガクイン
118,1,2,596,大阪青山大学,オオサカアオヤマダイガク
119,1,2,939,大阪医科大学,オオサカイカダイガク
120,0,2,7939,大阪医科大学大学院,オオサカイカダイガクダイガクイン
121,1,2,600,大阪大谷大学,オオサカオオタニダイガク
122,0,2,7600,大阪大谷大学大学院,オオサカオオタニダイガクダイガクイン
123,1,2,940,大阪音楽大学,オオサカオンガクダイガク
124,0,2,7940,大阪音楽大学大学院,オオサカオンガクダイガクダイガクイン
125,1,2,563,大阪学院大学,オオサカガクインダイガク
126,0,2,7563,大阪学院大学大学院,オオサカガクインダイガクダイガクイン
127,1,2,598,大阪河崎リハビリテーション大学,オオサカカワサキリハビリテーシヨンダイガク
128,1,2,629,大阪観光大学,オオサカカンコウダイガク
129,1,1,111,大阪教育大学,オオサカキヨウイクダイガク
130,0,1,7111,大阪教育大学大学院,オオサカキヨウイクダイガクダイガクイン
131,1,2,564,大阪経済大学,オオサカケイザイダイガク
132,0,2,7564,大阪経済大学大学院,オオサカケイザイダイガクダイガクイン
133,1,2,565,大阪経済法科大学,オオサカケイザイホウカダイガク
134,0,2,7565,大阪経済法科大学大学院,オオサカケイザイホウカダイガクダイガクイン
135,1,2,566,大阪芸術大学,オオサカゲイジユツダイガク
136,0,2,7566,大阪芸術大学大学院,オオサカゲイジユツダイガクダイガクイン
137,1,2,567,大阪工業大学,オオサカコウギヨウダイガク
138,0,2,7567,大阪工業大学大学院,オオサカコウギヨウダイガクダイガクイン
139,1,2,568,大阪国際大学,オオサカコクサイダイガク
140,0,2,7568,大阪国際大学大学院,オオサカコクサイダイガクダイガクイン
141,1,2,569,大阪産業大学,オオサカサンギヨウダイガク
142,0,2,7569,大阪産業大学大学院,オオサカサンギヨウダイガクダイガクイン
143,1,2,941,大阪歯科大学,オオサカシカダイガク
144,0,2,7941,大阪歯科大学大学院,オオサカシカダイガクダイガクイン
145,1,2,571,大阪樟蔭女子大学,オオサカシヨウインジヨシダイガク
146,0,2,7571,大阪樟蔭女子大学大学院,オオサカシヨウインジヨシダイガクダイガクイン
147,1,2,572,大阪商業大学,オオサカシヨウギヨウダイガク
148,0,2,7572,大阪商業大学大学院,オオサカシヨウギヨウダイガクダイガクイン
149,1,2,233,大阪女学院大学,オオサカジヨガクインダイガク
150,0,2,7233,大阪女学院大学大学院,オオサカジヨガクインダイガクダイガクイン
151,1,1,112,大阪市立大学,オオサカシリツダイガク
152,0,1,7112,大阪市立大学大学院,オオサカシリツダイガクダイガクイン
153,1,2,778,大阪成蹊大学,オオサカセイケイダイガク
154,0,2,7778,大阪成蹊大学大学院,オオサカセイケイダイガクダイガクイン
155,1,2,599,大阪総合保育大学,オオサカソウゴウホイクダイガク
156,0,2,7599,大阪総合保育大学大学院,オオサカソウゴウホイクダイガクダイガクイン
157,1,2,573,大阪体育大学,オオサカタイイクダイガク
158,0,2,7573,大阪体育大学大学院,オオサカタイイクダイガクダイガクイン
159,1,1,109,大阪大学,オオサカダイガク
160,0,1,7109,大阪大学大学院,オオサカダイガクダイガクイン
161,1,2,574,大阪電気通信大学,オオサカデンキツウシンダイガク
162,0,2,7574,大阪電気通信大学大学院,オオサカデンキツウシンダイガクダイガクイン
163,1,2,593,大阪人間科学大学,オオサカニンゲンカガクダイガク
164,0,2,7593,大阪人間科学大学大学院,オオサカニンゲンカガクダイガクダイガクイン
165,1,2,129,大阪物療大学,オオサカブツリヨウダイガク
166,1,1,114,大阪府立大学,オオサカフリツダイガク
167,0,1,7114,大阪府立大学大学院,オオサカフリツダイガクダイガクイン
168,1,2,798,大阪保健医療大学,オオサカホケンイリヨウダイガク
169,0,2,7798,大阪保健医療大学大学院,オオサカホケンイリヨウダイガクダイガクイン
170,1,2,575,大阪薬科大学,オオサカヤツカダイガク
171,0,2,7575,大阪薬科大学大学院,オオサカヤツカダイガクダイガクイン
172,1,2,183,大阪行岡医療大学,オオサカユキオカイリヨウダイガク
173,1,2,535,大谷大学,オオタニダイガク
174,0,2,7535,大谷大学大学院,オオタニダイガクダイガクイン
175,1,2,328,大妻女子大学,オオツマジヨシダイガク
176,0,2,7328,大妻女子大学大学院,オオツマジヨシダイガクダイガクイン
177,1,2,603,大手前大学,オオテマエダイガク
178,0,2,7603,大手前大学大学院,オオテマエダイガクダイガクイン
179,0,2,7425,大原大学院大学,オオハラダイガクインダイガク
180,1,2,191,岡崎女子大学,オカザキジヨシダイガク
181,1,2,639,岡山学院大学,オカヤマガクインダイガク
182,1,1,141,岡山県立大学,オカヤマケンリツダイガク
183,0,1,7141,岡山県立大学大学院,オカヤマケンリツダイガクダイガクイン
184,1,2,641,岡山商科大学,オカヤマシヨウカダイガク
185,0,2,7641,岡山商科大学大学院,オカヤマシヨウカダイガクダイガクイン
186,1,1,134,岡山大学,オカヤマダイガク
187,0,1,7134,岡山大学大学院,オカヤマダイガクダイガクイン
188,1,2,642,岡山理科大学,オカヤマリカダイガク
189,0,2,7642,岡山理科大学大学院,オカヤマリカダイガクダイガクイン
190,0,2,7186,沖縄科学技術大学院大学,オキナワカガクギジユツダイガクインダイガク
191,1,2,293,沖縄キリスト教学院大学,オキナワキリストキヨウガクインダイガク
192,0,2,7293,沖縄キリスト教学院大学大学院,オキナワキリストキヨウガクインダイガクダイガクイン
193,1,1,766,沖縄県立看護大学,オキナワケンリツカンゴダイガク
194,0,1,7766,沖縄県立看護大学大学院,オキナワケンリツカンゴダイガクダイガクイン
195,1,1,175,沖縄県立芸術大学,オキナワケンリツゲイジユツダイガク
196,0,1,7175,沖縄県立芸術大学大学院,オキナワケンリツゲイジユツダイガクダイガクイン
197,1,2,714,沖縄国際大学,オキナワコクサイダイガク
198,0,2,7714,沖縄国際大学大学院,オキナワコクサイダイガクダイガクイン
199,1,1,823,沖縄職業能力開発大学校,オキナワシヨクギヨウノウリヨクカイハツダイガクコウ
200,1,1,669,沖縄職業能力開発大学校（応用課程）,オキナワシヨクギヨウノウリヨクカイハツダイガクコウ（オウヨウカテイ）
201,1,2,713,沖縄大学,オキナワダイガク
202,0,2,7713,沖縄大学大学院,オキナワダイガクダイガクイン
203,1,1,1,小樽商科大学,オタルシヨウカダイガク
204,0,1,7001,小樽商科大学大学院,オタルシヨウカダイガクダイガクイン
205,1,1,43,お茶の水女子大学,オチヤノミズジヨシダイガク
206,0,1,7043,お茶の水女子大学大学院,オチヤノミズダイガクダイガクイン
207,1,1,194,尾道市立大学,オノミチシリツダイガク
208,0,1,7194,尾道市立大学大学院,オノミチシリツダイガクダイガクイン
209,1,1,143,尾道大学,オノミチダイガク
210,1,1,3,帯広畜産大学,オビヒロチクサンダイガク
211,0,1,7003,帯広畜産大学大学院,オビヒロチクサンダイガクダイガクイン
212,1,1,804,海上保安大学校,カイジヨウホアンダイガクコウ
213,1,2,453,開智国際大学,カイチコクサイダイガク
214,1,2,417,嘉悦大学,カエツダイガク
215,0,2,7417,嘉悦大学大学院,カエツダイガクダイガクイン
216,1,1,2,香川県立保健医療大学,カガワケンリツホケンイリヨウダイガク
217,0,1,7002,香川県立保健医療大学大学院,カガワケンリツホケンイリヨウダイガクダイガクイン
218,1,1,147,香川大学,カガワダイガク
219,0,1,7147,香川大学大学院,カガワダイガクダイガクイン
220,1,2,324,学習院女子大学,ガクシユウインジヨシダイガク
221,0,2,7324,学習院女子大学大学院,ガクシユウインジヨシダイガクダイガクイン
222,1,2,330,学習院大学,ガクシユウインダイガク
223,0,2,7330,学習院大学大学院,ガクシユウインダイガクダイガクイン
224,0,1,7187,鹿児島県立農業大学校,カゴシマケンリツノウギヨウダイガクコウ
225,1,2,710,鹿児島国際大学,カゴシマコクサイダイガク
226,0,2,7710,鹿児島国際大学大学院,カゴシマコクサイダイガクダイガクイン
227,1,2,717,鹿児島純心女子大学,カゴシマジユンシンジヨシダイガク
228,0,2,7717,鹿児島純心女子大学大学院,カゴシマジユンシンジヨシダイガクダイガクイン
229,1,1,172,鹿児島大学,カゴシマダイガク
230,0,1,7172,鹿児島大学大学院,カゴシマダイガクダイガクイン
231,1,2,700,活水女子大学,カツスイジヨシダイガク
232,0,2,7700,活水女子大学大学院,カツスイジヨシダイガクダイガクイン
233,1,1,27,神奈川県立保健福祉大学,カナガワケンリツホケンフクシダイガク
234,0,1,7027,神奈川県立保健福祉大学大学院,カナガワケンリツホケンフクシダイガクダイガクイン
235,1,2,433,神奈川工科大学,カナガワコウカダイガク
236,0,2,7433,神奈川工科大学大学院,カナガワコウカダイガクダイガクイン
237,1,2,896,神奈川歯科大学,カナガワシカダイガク
238,0,2,7896,神奈川歯科大学大学院,カナガワシカダイガクダイガクイン
239,1,2,432,神奈川大学,カナガワダイガク
240,0,2,7432,神奈川大学大学院,カナガワダイガクダイガクイン
241,1,2,919,金沢医科大学,カナザワイカダイガク
242,0,2,7919,金沢医科大学大学院,カナザワイカダイガクダイガクイン
243,1,2,525,金沢学院大学,カナザワガクインダイガク
244,0,2,7525,金沢学院大学大学院,カナザワガクインダイガクダイガクイン
245,1,2,524,金沢工業大学,カナザワコウギヨウダイガク
246,0,2,7524,金沢工業大学大学院,カナザワコウギヨウダイガクダイガクイン
247,1,2,523,金沢星稜大学,カナザワセイリヨウダイガク
248,0,2,7523,金沢星稜大学大学院,カナザワセイリヨウダイガクダイガクイン
249,1,1,94,金沢大学,カナザワダイガク
250,0,1,7094,金沢大学大学院,カナザワダイガクダイガクイン
251,1,1,95,金沢美術工芸大学,カナザワビジユツコウゲイダイガク
252,0,1,7095,金沢美術工芸大学大学院,カナザワビジユツコウゲイダイガクダイガクイン
253,1,1,173,鹿屋体育大学,カノヤタイイクダイガク
254,0,1,7173,鹿屋体育大学大学院,カノヤタイイクダイガクダイガクイン
255,1,2,436,鎌倉女子大学,カマクラジヨシダイガク
256,0,2,7436,鎌倉女子大学大学院,カマクラジヨシダイガクダイガクイン
257,1,2,179,亀田医療大学,カメダイリヨウダイガク
258,0,2,7179,亀田医療大学大学院,カメダイリヨウダイガクダイガクイン
259,1,2,953,川崎医科大学,カワサキイカダイガク
260,0,2,7953,川崎医科大学大学院,カワサキイカダイガクダイガクイン
261,1,2,954,川崎医療福祉大学,カワサキイリヨウフクシダイガク
262,0,2,7954,川崎医療福祉大学大学院,カワサキイリヨウフクシダイガクダイガクイン
263,1,2,272,川村学園女子大学,カワムラガクエンジヨシダイガク
264,0,2,7272,川村学園女子大学大学院,カワムラガクエンジヨシダイガクダイガクイン
265,1,2,942,関西医科大学,カンサイイカダイガク
266,0,2,7942,関西医科大学大学院,カンサイイカダイガクダイガクイン
267,1,2,970,関西医療大学,カンサイイリヨウダイガク
268,0,2,7970,関西医療大学大学院,カンサイイリヨウダイガクダイガクイン
269,1,2,580,関西外国語大学,カンサイガイコクゴダイガク
270,0,2,7580,関西外国語大学大学院,カンサイガイコクゴダイガクダイガクイン
271,1,2,944,関西看護医療大学,カンサイカンゴイリヨウダイガク
272,0,2,7944,関西看護医療大学大学院,カンサイカンゴイリヨウダイガクダイガクイン
273,1,2,625,関西国際大学,カンサイコクサイダイガク
274,0,2,7625,関西国際大学大学院,カンサイコクサイダイガクダイガクイン
275,1,2,578,関西大学,カンサイダイガク
276,0,2,7578,関西大学大学院,カンサイダイガクダイガクイン
277,1,2,579,関西福祉科学大学,カンサイフクシカガクダイガク
278,0,2,7579,関西福祉科学大学大学院,カンサイフクシカガクダイガクダイガクイン
279,1,2,624,関西福祉大学,カンサイフクシダイガク
280,0,2,7624,関西福祉大学大学院,カンサイフクシダイガクダイガクイン
281,1,2,604,関西学院大学,カンセイガクインダイガク
282,0,2,7604,関西学院大学大学院,カンセイガクインダイガクダイガクイン
283,1,2,971,環太平洋大学,カンタイヘイヨウダイガク
284,1,2,273,神田外語大学,カンダガイゴダイガク
285,0,2,7273,神田外語大学大学院,カンダガイゴダイガクダイガクイン
286,1,2,435,関東学院大学,カントウガクインダイガク
287,0,2,7435,関東学院大学大学院,カントウガクインダイガクダイガクイン
288,1,2,255,関東学園大学,カントウガクエンダイガク
289,0,2,7255,関東学園大学大学院,カントウガクエンダイガクダイガクイン
290,1,1,812,関東職業能力開発大学校,カントウシヨクギヨウノウリヨクカイハツダイガクコウ
291,1,1,559,関東職業能力開発大学校（応用課程）,カントウシヨクギヨウノウリヨクカイハツダイガクコウ（オウヨウカテイ）
292,1,2,770,畿央大学,キオウダイガク
293,0,2,7770,畿央大学大学院,キオウダイガクダイガクイン
294,1,1,806,気象大学校,キシヨウダイガクコウ
295,1,1,155,北九州市立大学,キタキユウシユウイチリツダイガク
296,0,1,7155,北九州市立大学大学院,キタキユウシユウイチリツダイガクダイガクイン
297,1,2,333,北里大学,キタザトダイガク
298,0,2,7333,北里大学大学院,キタザトダイガクダイガクイン
299,1,1,4,北見工業大学,キタミコウギヨウダイガク
300,0,1,7004,北見工業大学大学院,キタミコウギヨウダイガクダイガクイン
301,1,2,645,吉備国際大学,キビコクサイダイガク
302,0,2,7645,吉備国際大学大学院,キビコクサイダイガクダイガクイン
303,1,2,783,岐阜医療科学大学,ギフイリヨウカガクダイガク
304,0,2,7783,岐阜医療科学大学大学院,ギフイリヨウカガクダイガクダイガクイン
305,1,2,434,岐阜協立大学,ギフキヨウリツダイガク
306,0,2,7434,岐阜協立大学大学院,ギフキヨウリツダイガクダイガクイン
307,1,2,479,岐阜経済大学,ギフケイザイダイガク
308,0,2,7479,岐阜経済大学大学院,ギフケイザイダイガクダイガクイン
309,1,1,920,岐阜県立看護大学,ギフケンリツカンゴダイガク
310,0,1,7920,岐阜県立看護大学大学院,ギフケンリツカンゴダイガクダイガクイン
311,1,2,481,岐阜聖徳学園大学,ギフシヨウトクガクエンダイガク
312,0,2,7481,岐阜聖徳学園大学大学院,ギフシヨウトクガクエンダイガクダイガクイン
313,1,2,480,岐阜女子大学,ギフジヨシダイガク
314,0,2,7480,岐阜女子大学大学院,ギフジヨシダイガクダイガクイン
315,1,1,78,岐阜大学,ギフダイガク
316,0,1,7078,岐阜大学大学院,ギフダイガクダイガクイン
317,1,2,438,岐阜保健大学,ギフホケンダイガク
318,1,1,79,岐阜薬科大学,ギフヤツカダイガク
319,0,1,7079,岐阜薬科大学大学院,ギフヤツカダイガクダイガクイン
320,1,2,722,九州栄養福祉大学,キユウシユウエイヨウフクシダイガク
321,0,2,7722,九州栄養福祉大学大学院,キユウシユウエイヨウフクシダイガクダイガクイン
322,1,2,968,九州看護福祉大学,キユウシユウカンゴフクシダイガク
323,0,2,7968,九州看護福祉大学大学院,キユウシユウカンゴフクシダイガクダイガクイン
324,1,2,682,九州共立大学,キユウシユウキヨウリツダイガク
325,0,2,7682,九州共立大学大学院,キユウシユウキヨウリツダイガクダイガクイン
326,1,1,158,九州工業大学,キユウシユウコウギヨウダイガク
327,0,1,7158,九州工業大学大学院,キユウシユウコウギヨウダイガクダイガクイン
328,1,2,681,九州国際大学,キユウシユウコクサイダイガク
329,0,2,7681,九州国際大学大学院,キユウシユウコクサイダイガクダイガクイン
330,1,2,683,九州産業大学,キユウシユウサンギヨウダイガク
331,0,2,7683,九州産業大学大学院,キユウシユウサンギヨウダイガクダイガクイン
332,1,1,960,九州歯科大学,キユウシユウシカダイガク
333,0,1,7960,九州歯科大学大学院,キユウシユウシカダイガクダイガクイン
334,1,2,680,九州情報大学,キユウシユウジヨウホウダイガク
335,0,2,7680,九州情報大学大学院,キユウシユウジヨウホウダイガクダイガクイン
336,1,1,822,九州職業能力開発大学校,キユウシユウシヨクギヨウノウリヨクカイハツダイガクコウ
337,1,1,640,九州職業能力開発大学校（応用課程）,キユウシユウシヨクギヨウノウリヨクカイハツダイガクコウ（オウヨウカテイ）
338,1,2,684,九州女子大学,キユウシユウジヨシダイガク
339,1,1,156,九州大学,キユウシユウダイガク
340,0,1,7156,九州大学大学院,キユウシユウダイガクダイガクイン
341,1,2,765,九州保健福祉大学,キユウシユウホケンフクシダイガク
342,0,2,7765,九州保健福祉大学大学院,キユウシユウホケンフクシダイガクダイガクイン
343,1,2,719,九州ルーテル学院大学,キユウシユウルーテルガクインダイガク
344,0,2,7719,九州ルーテル学院大学大学院,キユウシユウルーテルガクインダイガクダイガクイン
345,1,2,757,共愛学園前橋国際大学,キヨウアイガクエンマエバシコクサイダイガク
346,1,2,318,共栄大学,キヨウエイダイガク
347,1,2,972,京都医療科学大学,キヨウトイリヨウカガクダイガク
348,1,2,536,京都外国語大学,キヨウトガイコクゴダイガク
349,0,2,7536,京都外国語大学大学院,キヨウトガイコクゴダイガクダイガクイン
350,1,2,537,京都学園大学,キヨウトガクエンダイガク
351,0,2,7537,京都学園大学大学院,キヨウトガクエンダイガクダイガクイン
352,1,2,128,京都華頂大学,キヨウトカチヨウダイガク
353,1,2,292,京都看護大学,キヨウトカンゴダイガク
354,0,2,7292,京都看護大学大学院,キヨウトカンゴダイガクダイガクイン
355,1,1,104,京都教育大学,キヨウトキヨウイクダイガク
356,0,1,7104,京都教育大学大学院,キヨウトキヨウイクダイガクダイガクイン
357,1,2,544,京都光華女子大学,キヨウトコウカジヨシダイガク
358,0,2,7544,京都光華女子大学大学院,キヨウトコウカジヨシダイガクダイガクイン
359,1,1,105,京都工芸繊維大学,キヨウトコウゲイセンイダイガク
360,0,1,7105,京都工芸繊維大学大学院,キヨウトコウゲイセンイダイガクダイガクイン
361,1,2,551,京都嵯峨芸術大学,キヨウトサガゲイジユツダイガク
362,0,2,7551,京都嵯峨芸術大学大学院,キヨウトサガゲイジユツダイガクダイガクイン
363,1,2,538,京都産業大学,キヨウトサンギヨウダイガク
364,0,2,7538,京都産業大学大学院,キヨウトサンギヨウダイガクダイガクイン
365,0,2,7294,京都情報大学院大学,キヨウトジヨウホウダイガクインダイガク
366,1,2,539,京都女子大学,キヨウトジヨシダイガク
367,0,2,7539,京都女子大学大学院,キヨウトジヨシダイガクダイガクイン
368,1,1,106,京都市立芸術大学,キヨウトシリツゲイジユツダイガク
369,0,1,7106,京都市立芸術大学大学院,キヨウトシリツゲイジユツダイガクダイガクイン
370,1,2,540,京都精華大学,キヨウトセイカダイガク
371,0,2,7540,京都精華大学大学院,キヨウトセイカダイガクダイガクイン
372,1,2,473,京都先端科学大学,キヨウトセンタンカガクダイガク
373,0,2,7473,京都先端科学大学大学院,キヨウトセンタンカガクダイガクダイガクイン
374,1,2,541,京都造形芸術大学,キヨウトゾウケイゲイジユツダイガク
375,0,2,7541,京都造形芸術大学大学院,キヨウトゾウケイゲイジユツダイガクダイガクイン
376,1,1,103,京都大学,キヨウトダイガク
377,0,1,7103,京都大学大学院,キヨウトダイガクダイガクイン
378,1,2,555,京都橘大学,キヨウトタチバナダイガク
379,0,2,7555,京都橘大学大学院,キヨウトタチバナダイガクダイガクイン
380,1,2,548,京都ノートルダム女子大学,キヨウトノートルダムジヨシダイガク
381,0,2,7548,京都ノートルダム女子大学大学院,キヨウトノートルダムジヨシダイガクダイガクイン
382,1,2,182,京都美術工芸大学,キヨウトビジユツコウゲイダイガク
383,1,1,931,京都府立医科大学,キヨウトフリツイカダイガク
384,0,1,7931,京都府立医科大学大学院,キヨウトフリツイカダイガクダイガクイン
385,1,1,107,京都府立大学,キヨウトフリツダイガク
386,0,1,7107,京都府立大学大学院,キヨウトフリツダイガクダイガクイン
387,1,2,546,京都文教大学,キヨウトブンキヨウダイガク
388,0,2,7546,京都文教大学大学院,キヨウトブンキヨウダイガクダイガクイン
389,1,2,543,京都薬科大学,キヨウトヤツカダイガク
390,0,2,7543,京都薬科大学大学院,キヨウトヤツカダイガクダイガクイン
391,1,2,334,共立女子大学,キヨウリツジヨシダイガク
392,0,2,7334,共立女子大学大学院,キヨウリツジヨシダイガクダイガクイン
393,1,2,336,杏林大学,キヨウリンダイガク
394,0,2,7336,杏林大学大学院,キヨウリンダイガクダイガクイン
395,1,2,29,桐生大学,キリユウダイガク
396,1,2,990,近畿医療福祉大学,キンキイリヨウフクシダイガク
397,1,1,820,近畿職業能力開発大学校,キンキシヨクギヨウノウリヨクカイハツダイガクコウ
398,1,1,636,近畿職業能力開発大学校（応用課程）,キンキシヨクギヨウノウリヨクカイハツダイガクコウ（オウヨウカテイ）
399,1,2,581,近畿大学,キンキダイガク
400,0,2,7581,近畿大学大学院,キンキダイガクダイガクイン
401,1,2,489,金城学院大学,キンジヨウガクインダイガク
402,0,2,7489,金城学院大学大学院,キンジヨウガクインダイガクダイガクイン
403,1,2,522,金城大学,キンジヨウダイガク
404,0,2,7522,金城大学大学院,キンジヨウダイガクダイガクイン
405,1,2,973,近大姫路大学,キンダイヒメジダイガク
406,1,1,5,釧路公立大学,クシロコウリツダイガク
407,1,2,882,国立音楽大学,クニタチオンガクダイガク
408,0,2,7882,国立音楽大学大学院,クニタチオンガクダイガクダイガクイン
409,1,2,704,熊本学園大学,クマモトガクエンダイガク
410,0,2,7704,熊本学園大学大学院,クマモトガクエンダイガクダイガクイン
411,1,1,167,熊本県立大学,クマモトケンリツダイガク
412,0,1,7167,熊本県立大学大学院,クマモトケンリツダイガクダイガクイン
413,1,1,166,熊本大学,クマモトダイガク
414,0,1,7166,熊本大学大学院,クマモトダイガクダイガクイン
415,1,2,772,熊本保健科学大学,クマモトホケンカガクダイガク
416,0,2,7772,熊本保健科学大学大学院,クマモトホケンカガクダイガクダイガクイン
417,1,2,650,倉敷芸術科学大学,クラシキゲイジユツカガクダイガク
418,0,2,7650,倉敷芸術科学大学大学院,クラシキゲイジユツカガクダイガクダイガクイン
419,1,2,644,くらしき作陽大学,クラシキサクヨウダイガク
420,0,2,7644,くらしき作陽大学大学院,クラシキサクヨウダイガクダイガクイン
421,1,2,686,久留米工業大学,クルメコウギヨウダイガク
422,0,2,7686,久留米工業大学大学院,クルメコウギヨウダイガクダイガクイン
423,1,2,685,久留米大学,クルメダイガク
424,0,2,7685,久留米大学大学院,クルメダイガクダイガクイン
425,0,2,7423,グロービス経営大学院大学,グロービスケイエイダイガクインダイガク
426,1,2,46,群馬医療福祉大学,グンマイリヨウフクシダイガク
427,0,2,7074,群馬医療福祉大学大学院,グンマイリヨウフクシダイガクダイガクイン
428,1,1,320,群馬県立県民健康科学大学,グンマケンリツケンミンケンコウカガクダイガク
429,0,1,7320,群馬県立県民健康科学大学大学院,グンマケンリツケンミンケンコウカガクダイガクダイガクイン
430,1,1,33,群馬県立女子大学,グンマケンリツジヨシダイガク
431,0,1,7033,群馬県立女子大学大学院,グンマケンリツジヨシダイガクダイガクイン
432,1,1,32,群馬大学,グンマダイガク
433,0,1,7032,群馬大学大学院,グンマダイガクダイガクイン
434,1,2,319,群馬パース大学,グンマパースダイガク
435,0,2,7319,群馬パース大学大学院,グンマパースダイガクダイガクイン
436,1,2,274,敬愛大学,ケイアイダイガク
437,1,2,332,慶應義塾大学,ケイオウギジユクダイガク
438,0,2,7332,慶應義塾大学大学院,ケイオウギジユクダイガクダイガクイン
439,1,2,337,恵泉女学園大学,ケイセンジヨガクエンダイガク
440,0,2,7337,恵泉女学園大学大学院,ケイセンジヨガクエンダイガクダイガクイン
441,1,2,459,敬和学園大学,ケイワガクエンダイガク
442,1,2,773,健康科学大学,ケンコウカガクダイガク
443,1,1,144,県立広島大学,ケンリツヒロシマダイガク
444,0,1,7144,県立広島大学大学院,ケンリツヒロシマダイガクダイガクイン
445,1,2,338,工学院大学,コウガクインダイガク
446,0,2,7338,工学院大学大学院,コウガクインダイガクダイガクイン
447,1,2,509,皇學館大学,コウガツカンダイガク
448,0,2,7509,皇學館大学大学院,コウガツカンダイガクダイガクイン
449,1,2,605,甲子園大学,コウシエンダイガク
450,0,2,7605,甲子園大学大学院,コウシエンダイガクダイガクイン
451,1,1,154,高知県立大学,コウチケンリツダイガク
452,0,1,7154,高知県立大学大学院,コウチケンリツダイガクダイガクイン
453,1,1,89,高知工科大学,コウチコウカダイガク
454,0,1,7089,高知工科大学大学院,コウチコウカダイガクダイガクイン
455,1,1,152,高知女子大学,コウチジヨシダイガク
456,1,1,150,高知大学,コウチダイガク
457,0,1,7150,高知大学大学院,コウチダイガクダイガクイン
458,1,2,482,高知リハビリテーション専門職大学,コウチリハビリテーシヨンセンモンシヨクダイガク
459,1,2,607,甲南女子大学,コウナンジヨシダイガク
460,0,2,7607,甲南女子大学大学院,コウナンジヨシダイガクダイガクイン
461,1,2,606,甲南大学,コウナンダイガク
462,0,2,7606,甲南大学大学院,コウナンダイガクダイガクイン
463,1,2,193,神戸医療福祉大学,コウベイリヨウフクシダイガク
464,1,2,608,神戸海星女子学院大学,コウベカイセイジヨシガクインダイガク
465,1,2,609,神戸学院大学,コウベガクインダイガク
466,0,2,7609,神戸学院大学大学院,コウベガクインダイガクダイガクイン
467,1,2,623,神戸芸術工科大学,コウベゲイジユツコウカダイガク
468,0,2,7623,神戸芸術工科大学大学院,コウベゲイジユツコウカダイガクダイガクイン
469,1,2,621,神戸国際大学,コウベコクサイダイガク
470,1,1,116,神戸市外国語大学,コウベシガイコクゴダイガク
471,0,1,7116,神戸市外国語大学大学院,コウベシガイコクゴダイガクダイガクイン
472,1,1,933,神戸市看護大学,コウベシカンゴダイガク
473,0,1,7933,神戸市看護大学大学院,コウベシカンゴダイガクダイガクイン
474,1,2,977,神戸夙川学院大学,コウベシユクガワガクインダイガク
475,1,2,613,神戸松蔭女子学院大学,コウベシヨウインジヨシガクインダイガク
476,0,2,7613,神戸松蔭女子学院大学大学院,コウベシヨウインジヨシガクインダイガクダイガクイン
477,0,2,7627,神戸情報大学院大学,コウベジヨウホウダイガクインダイガク
478,1,2,610,神戸女学院大学,コウベジヨガクインダイガク
479,0,2,7610,神戸女学院大学大学院,コウベジヨガクインダイガクダイガクイン
480,1,2,611,神戸女子大学,コウベジヨシダイガク
481,0,2,7611,神戸女子大学大学院,コウベジヨシダイガクダイガクイン
482,1,2,615,神戸親和女子大学,コウベシンワジヨシダイガク
483,0,2,7615,神戸親和女子大学大学院,コウベシンワジヨシダイガクダイガクイン
484,1,1,115,神戸大学,コウベダイガク
485,0,1,7115,神戸大学大学院,コウベダイガクダイガクイン
486,1,2,996,神戸常盤大学,コウベトキワダイガク
487,1,2,612,神戸薬科大学,コウベヤツカダイガク
488,0,2,7612,神戸薬科大学大学院,コウベヤツカダイガクダイガクイン
489,1,2,762,神戸山手大学,コウベヤマテダイガク
490,1,2,631,高野山大学,コウヤサンダイガク
491,0,2,7631,高野山大学大学院,コウヤサンダイガクダイガクイン
492,1,1,136,公立小松大学,コウリツコマツダイガク
493,1,1,140,公立諏訪東京理科大学,コウリツスワトウキヨウリカダイガク
494,0,1,7140,公立諏訪東京理科大学大学院,コウリツスワトウキヨウリカダイガクダイガクイン
495,1,1,542,公立千歳科学技術大学,コウリツチトセカガクギジユツダイガク
496,0,1,7542,公立千歳科学技術大学大学院,コウリツチトセカガクギジユツダイガクダイガクイン
497,1,1,520,公立鳥取環境大学,コウリツトツトリカンキヨウダイガク
498,0,1,7520,公立鳥取環境大学大学院,コウリツトツトリカンキヨウダイガクダイガクイン
499,1,1,6,公立はこだて未来大学,コウリツハコダテミライダイガク
500,0,1,7006,公立はこだて未来大学大学院,コウリツハコダテミライダイガクダイガクイン
501,1,2,243,郡山女子大学,コオリヤマジヨシダイガク
502,0,2,7243,郡山女子大学大学院,コオリヤマジヨシダイガクダイガクイン
503,1,2,339,国学院大学,コクガクインダイガク
504,0,2,7339,国学院大学大学院,コクガクインダイガクダイガクイン
505,1,2,875,国際医療福祉大学,コクサイイリヨウフクシダイガク
506,0,2,7875,国際医療福祉大学大学院,コクサイイリヨウフクシダイガクダイガクイン
507,1,1,10,国際教養大学,コクサイキヨウヨウダイガク
508,0,1,7010,国際教養大学大学院,コクサイキヨウヨウダイガクダイガクイン
509,1,2,340,国際基督教大学,コクサイキリストキヨウダイガク
510,0,2,7340,国際基督教大学大学院,コクサイキリストキヨウダイガクダイガクイン
511,0,2,7900,国際大学大学院,コクサイダイガクダイガクイン
512,1,2,510,国際ファッション専門職大学,コクサイフアツシヨンセンモンシヨクダイガク
513,0,2,7883,国際仏教学大学院大学,コクサイブツキヨウガクダイガクインダイガク
514,1,2,275,国際武道大学,コクサイブドウダイガク
515,0,2,7275,国際武道大学大学院,コクサイブドウダイガクダイガクイン
516,1,2,341,国士舘大学,コクシカンダイガク
517,0,2,7341,国士舘大学大学院,コクシカンダイガクダイガクイン
518,1,2,796,こども教育宝仙大学,コドモキヨウイクホウセンダイガク
519,1,2,331,駒沢女子大学,コマザワジヨシダイガク
520,0,2,7331,駒沢女子大学大学院,コマザワジヨシダイガクダイガクイン
521,1,2,342,駒澤大学,コマザワダイガク
522,0,2,7342,駒澤大学大学院,コマザワダイガクダイガクイン
523,1,2,878,埼玉医科大学,サイタマイカダイガク
524,0,2,7878,埼玉医科大学大学院,サイタマイカダイガクダイガクイン
525,1,2,300,埼玉学園大学,サイタマガクエンダイガク
526,0,2,7300,埼玉学園大学大学院,サイタマガクエンダイガクダイガクイン
527,1,1,758,埼玉県立大学,サイタマケンリツダイガク
528,0,1,7758,埼玉県立大学大学院,サイタマケンリツダイガクダイガクイン
529,1,2,303,埼玉工業大学,サイタマコウギヨウダイガク
530,0,2,7303,埼玉工業大学大学院,サイタマコウギヨウダイガクダイガクイン
531,1,1,42,埼玉大学,サイタマダイガク
532,0,1,7042,埼玉大学大学院,サイタマダイガクダイガクイン
533,1,2,670,サイバー大学,サイバーダイガク
534,1,1,162,佐賀大学,サガダイガク
535,0,1,7162,佐賀大学大学院,サガダイガクダイガクイン
536,1,2,73,嵯峨美術大学,サガビジユツダイガク
537,0,2,7073,嵯峨美術大学大学院,サガビジユツダイガクダイガクイン
538,1,2,437,相模女子大学,サガミジヨシダイガク
539,0,2,7437,相模女子大学大学院,サガミジヨシダイガクダイガクイン
540,1,2,250,作新学院大学,サクシンガクインダイガク
541,0,2,7250,作新学院大学大学院,サクシンガクインダイガクダイガクイン
542,1,2,991,佐久大学,サクダイガク
543,0,2,7991,佐久大学大学院,サクダイガクダイガクイン
544,1,1,851,札幌医科大学,サツポロイカダイガク
545,0,1,7851,札幌医科大学大学院,サツポロイカダイガクダイガクイン
546,1,2,784,札幌大谷大学,サツポロオオタニダイガク
547,1,2,203,札幌学院大学,サツポロガクインダイガク
548,0,2,7203,札幌学院大学大学院,サツポロガクインダイガクダイガクイン
549,1,2,216,札幌国際大学,サツポロコクサイダイガク
550,0,2,7216,札幌国際大学大学院,サツポロコクサイダイガクダイガクイン
551,1,1,12,札幌市立大学,サツポロシリツダイガク
552,0,1,7012,札幌市立大学大学院,サツポロシリツダイガクダイガクイン
553,1,2,202,札幌大学,サツポロダイガク
554,0,2,7202,札幌大学大学院,サツポロダイガクダイガクイン
555,1,2,190,札幌保健医療大学,サツポロホケンイリヨウダイガク
556,1,2,992,三育学院大学,サンイクガクインダイガク
557,1,2,965,産業医科大学,サンギヨウイカダイガク
558,0,2,7965,産業医科大学大学院,サンギヨウイカダイガクダイガクイン
559,0,1,7060,産業技術大学院大学,サンギヨウギジユツダイガクインダイガク
560,1,2,405,産業能率大学,サンギヨウノウリツダイガク
561,0,2,7405,産業能率大学大学院,サンギヨウノウリツダイガクダイガクイン
562,1,1,37,山陽小野田市立山口東京理科大学,サンヨウオノダシリツヤマグチトウキヨウリカダイガク
563,0,1,7037,山陽小野田市立山口東京理科大学大学院,サンヨウオノダシリツヤマグチトウキヨウリカダイガクダイガクイン
564,1,2,643,山陽学園大学,サンヨウガクエンダイガク
565,0,2,7643,山陽学園大学大学院,サンヨウガクエンダイガクダイガクイン
566,1,1,930,滋賀医科大学,シガイカダイガク
567,0,1,7930,滋賀医科大学大学院,シガイカダイガクダイガクイン
568,1,2,711,志學館大学,シガクカンダイガク
569,0,2,7711,志學館大学大学院,シガクカンダイガクダイガクイン
570,1,1,102,滋賀県立大学,シガケンリツダイガク
571,0,1,7102,滋賀県立大学大学院,シガケンリツダイガクダイガクイン
572,1,1,101,滋賀大学,シガダイガク
573,0,1,7101,滋賀大学大学院,シガダイガクダイガクイン
574,1,2,28,至学館大学,シガツカンダイガク
575,0,2,7028,至学館大学大学院,シガツカンダイガクダイガクイン
576,0,2,7185,事業構想大学院大学,ジギヨウコウソウダイガクインダイガク
577,0,2,7071,事業創造大学院大学,ジギヨウソウゾウダイガクインダイガク
578,0,2,7151,滋慶医療科学大学院大学,ジケイイリヨウカガクダイガクインダイガク
579,1,2,673,四国学院大学,シコクガクインダイガク
580,0,2,7673,四国学院大学大学院,シコクガクインダイガクダイガクイン
581,1,1,821,四国職業能力開発大学校,シコクシヨクギヨウノウリヨクカイハツダイガクコウ
582,1,1,637,四国職業能力開発大学校（応用課程）,シコクシヨクギヨウノウリヨクカイハツダイガクコウ（オウヨウカテイ）
583,1,2,671,四国大学,シコクダイガク
584,0,2,7671,四国大学大学院,シコクダイガクダイガクイン
585,1,2,595,四條畷学園大学,シジヨウナワテガクエンダイガク
586,1,2,771,静岡英和学院大学,シズオカエイワガクインダイガク
587,1,1,76,静岡県立大学,シズオカケンリツダイガク
588,0,1,7076,静岡県立大学大学院,シズオカケンリツダイガクダイガクイン
589,1,2,474,静岡産業大学,シズオカサンギヨウダイガク
590,1,1,75,静岡大学,シズオカダイガク
591,0,1,7075,静岡大学大学院,シズオカダイガクダイガクイン
592,1,2,266,静岡福祉大学,シズオカフクシダイガク
593,1,1,88,静岡文化芸術大学,シズオカブンカゲイジユツダイガク
594,0,1,7088,静岡文化芸術大学大学院,シズオカブンカゲイジユツダイガクダイガクイン
595,1,2,475,静岡理工科大学,シズオカリコウカダイガク
596,0,2,7475,静岡理工科大学大学院,シズオカリコウカダイガクダイガクイン
597,1,2,422,至誠館大学,シセイカンダイガク
598,1,2,876,自治医科大学,ジチイカダイガク
599,0,2,7876,自治医科大学大学院,ジチイカダイガクダイガクイン
600,1,2,343,実践女子大学,ジツセンジヨシダイガク
601,0,2,7343,実践女子大学大学院,ジツセンジヨシダイガクダイガクイン
602,1,2,993,四天王寺大学,シテンノウジダイガク
603,0,2,7993,四天王寺大学大学院,シテンノウジダイガクダイガクイン
604,1,2,344,芝浦工業大学,シバウラコウギヨウダイガク
605,0,2,7344,芝浦工業大学大学院,シバウラコウギヨウダイガクダイガクイン
606,1,1,132,島根県立大学,シマネケンリツダイガク
607,0,1,7132,島根県立大学大学院,シマネケンリツダイガクダイガクイン
608,1,1,131,島根大学,シマネダイガク
609,0,1,7131,島根大学大学院,シマネダイガクダイガクイン
610,1,1,137,下関市立大学,シモノセキイチリツダイガク
611,0,1,7137,下関市立大学大学院,シモノセキイチリツダイガクダイガクイン
612,0,2,7118,社会情報大学院大学,シヤカイジヨウホウダイガクインダイガク
613,1,2,647,就実大学,シユウジツダイガク
614,0,2,7647,就実大学大学院,シユウジツダイガクダイガクイン
615,1,2,994,修文大学,シユウブンダイガク
616,1,2,286,秀明大学,シユウメイダイガク
617,1,2,302,十文字学園女子大学,ジユウモンジガクエンジヨシダイガク
618,0,2,7302,十文字学園女子大学大学院,ジユウモンジガクエンジヨシダイガクダイガクイン
619,1,2,276,淑徳大学,シユクトクダイガク
620,0,2,7276,淑徳大学大学院,シユクトクダイガクダイガクイン
621,1,2,937,種智院大学,シユチインダイガク
622,1,1,59,首都大学東京,シユトダイガクトウキヨウ
623,0,1,7059,首都大学東京大学院,シユトダイガクトウキヨウダイガクイン
624,1,2,148,純真学園大学,ジユンシンガクエンダイガク
625,0,2,7148,純真学園大学大学院,ジユンシンガクエンダイガクダイガクイン
626,1,2,346,順天堂大学,ジユンテンドウダイガク
627,0,2,7346,順天堂大学大学院,ジユンテンドウダイガクダイガクイン
628,1,2,440,松蔭大学,シヨウインダイガク
629,0,2,7440,松蔭大学大学院,シヨウインダイガクダイガクイン
630,1,1,65,上越教育大学,ジヨウエツキヨウイクダイガク
631,0,1,7065,上越教育大学大学院,ジヨウエツキヨウイクダイガクダイガクイン
632,1,2,774,尚絅学院大学,シヨウケイガクインダイガク
633,0,2,7774,尚絅学院大学大学院,シヨウケイガクインダイガクダイガクイン
634,1,2,705,尚絅大学,シヨウケイダイガク
635,1,2,283,城西国際大学,ジヨウサイコクサイダイガク
636,0,2,7283,城西国際大学大学院,ジヨウサイコクサイダイガクダイガクイン
637,1,2,304,城西大学,ジヨウサイダイガク
638,0,2,7304,城西大学大学院,ジヨウサイダイガクダイガクイン
639,1,2,347,上智大学,ジヨウチダイガク
640,0,2,7347,上智大学大学院,ジヨウチダイガクダイガクイン
641,1,2,429,湘南医療大学,シヨウナンイリヨウダイガク
642,0,2,7429,湘南医療大学大学院,シヨウナンイリヨウダイガクダイガクイン
643,1,2,439,湘南工科大学,シヨウナンコウカダイガク
644,0,2,7439,湘南工科大学大学院,シヨウナンコウカダイガクダイガクイン
645,1,2,357,尚美学園大学,シヨウビガクエンダイガク
646,0,2,7357,尚美学園大学大学院,シヨウビガクエンダイガクダイガクイン
647,1,2,256,上武大学,ジヨウブダイガク
648,0,2,7256,上武大学大学院,ジヨウブダイガクダイガクイン
649,0,1,7077,情報科学芸術大学院大学,ジヨウホウカガクゲイジユツダイガクインダイガク
650,0,2,7295,情報セキュリティ大学院大学,ジヨウホウセキユリテイダイガクインダイガク
651,1,2,897,昭和音楽大学,シヨウワオンガクダイガク
652,0,2,7897,昭和音楽大学大学院,シヨウワオンガクダイガクダイガクイン
653,1,2,350,昭和女子大学,シヨウワジヨシダイガク
654,0,2,7350,昭和女子大学大学院,シヨウワジヨシダイガクダイガクイン
655,1,2,349,昭和大学,シヨウワダイガク
656,0,2,7349,昭和大学大学院,シヨウワダイガクダイガクイン
657,1,2,351,昭和薬科大学,シヨウワヤツカダイガク
658,0,2,7351,昭和薬科大学大学院,シヨウワヤツカダイガクダイガクイン
659,1,1,817,職業能力開発総合大学校,シヨクギヨウノウリヨクカイハツソウゴウダイガクコウ
660,1,1,818,職業能力開発総合大学校東京校,シヨクギヨウノウリヨクカイハツソウゴウダイガクコウトウキヨウコウ
661,1,2,305,女子栄養大学,ジヨシエイヨウダイガク
662,0,2,7305,女子栄養大学大学院,ジヨシエイヨウダイガクダイガクイン
663,1,2,348,女子美術大学,ジヨシビジユツダイガク
664,0,2,7348,女子美術大学大学院,ジヨシビジユツダイガクダイガクイン
665,1,2,421,白梅学園大学,シラウメガクエンダイガク
666,0,2,7421,白梅学園大学大学院,シラウメガクエンダイガクダイガクイン
667,1,2,345,白百合女子大学,シラユリジヨシダイガク
668,0,2,7345,白百合女子大学大学院,シラユリジヨシダイガクダイガクイン
669,1,2,528,仁愛大学,ジンアイダイガク
670,0,2,7528,仁愛大学大学院,ジンアイダイガクダイガクイン
671,1,1,68,信州大学,シンシユウダイガク
672,0,1,7068,信州大学大学院,シンシユウダイガクダイガクイン
673,1,1,807,水産大学校,スイサンダイガクコウ
674,0,1,7807,水産大学校,スイサンダイガクコウ
675,1,2,352,杉野服飾大学,スギノフクシヨクダイガク
676,0,2,7352,杉野服飾大学大学院,スギノフクシヨクダイガクダイガクイン
677,1,2,490,椙山女学園大学,スギヤマジヨガクエンダイガク
678,0,2,7490,椙山女学園大学大学院,スギヤマジヨガクエンダイガクダイガクイン
679,1,2,512,鈴鹿医療科学大学,スズカイリヨウカガクダイガク
680,0,2,7512,鈴鹿医療科学大学大学院,スズカイリヨウカガクダイガクダイガクイン
681,1,2,513,鈴鹿国際大学,スズカコクサイダイガク
682,0,2,7513,鈴鹿国際大学大学院,スズカコクサイダイガクダイガクイン
683,1,2,452,鈴鹿大学,スズカダイガク
684,0,2,7452,鈴鹿大学大学院,スズカダイガクダイガクイン
685,1,2,306,駿河台大学,スルガダイダイガク
686,0,2,7306,駿河台大学大学院,スルガダイダイガクダイガクイン
687,1,2,455,諏訪東京理科大学,スワトウキヨウリカダイガク
688,0,2,7455,諏訪東京理科大学大学院,スワトウキヨウリカダイガクダイガクイン
689,1,2,532,成安造形大学,セイアンゾウケイダイガク
690,1,2,307,聖学院大学,セイガクインダイガク
691,0,2,7307,聖学院大学大学院,セイガクインダイガクダイガクイン
692,1,2,679,聖カタリナ大学,セイカタリナダイガク
693,1,2,353,成蹊大学,セイケイダイガク
694,0,2,7353,成蹊大学大学院,セイケイダイガクダイガクイン
695,0,1,7046,政策研究大学院大学,セイサクケンキユウダイガクインダイガク
696,1,2,441,星槎大学,セイサダイガク
697,0,2,7441,星槎大学大学院,セイサダイガクダイガクイン
698,1,2,56,星槎道都大学,セイサドウトダイガク
699,1,2,354,成城大学,セイジヨウダイガク
700,1,2,529,星城大学,セイジヨウダイガク
701,0,2,7354,成城大学大学院,セイジヨウダイガクダイガクイン
702,0,2,7529,星城大学大学院,セイジヨウダイガクダイガクイン
703,1,2,355,聖心女子大学,セイシンジヨシダイガク
704,0,2,7355,聖心女子大学大学院,セイシンジヨシダイガクダイガクイン
705,1,2,775,清泉女学院大学,セイセンジヨガクインダイガク
706,1,2,356,清泉女子大学,セイセンジヨシダイガク
707,0,2,7356,清泉女子大学大学院,セイセンジヨシダイガクダイガクイン
708,1,2,776,聖泉大学,セイセンダイガク
709,0,2,7776,聖泉大学大学院,セイセンダイガクダイガクイン
710,1,2,277,聖徳大学,セイトクダイガク
711,0,2,7277,聖徳大学大学院,セイトクダイガクダイガクイン
712,1,2,688,西南学院大学,セイナンガクインダイガク
713,0,2,7688,西南学院大学大学院,セイナンガクインダイガクダイガクイン
714,1,2,687,西南女学院大学,セイナンジヨガクインダイガク
715,1,2,99,成美大学,セイビダイガク
716,1,2,759,西武文理大学,セイブブンリダイガク
717,1,2,253,聖母大学,セイボダイガク
718,1,2,727,聖マリア学院大学,セイマリアガクインダイガク
719,0,2,7727,聖マリア学院大学大学院,セイマリアガクインダイガクダイガクイン
720,1,2,898,聖マリアンナ医科大学,セイマリアンナイカダイガク
721,0,2,7898,聖マリアンナ医科大学大学院,セイマリアンナイカダイガクダイガクイン
722,1,2,914,聖隷クリストファー大学,セイレイクリストフアーダイガク
723,0,2,7914,聖隷クリストファー大学大学院,セイレイクリストフアーダイガクダイガクイン
724,1,2,884,聖路加看護大学,セイロカカンゴダイガク
725,0,2,7884,聖路加看護大学大学院,セイロカカンゴダイガクダイガクイン
726,1,2,399,聖路加国際大学,セイロカコクサイダイガク
727,0,2,7399,聖路加国際大学大学院,セイロカコクサイダイガクダイガクイン
728,1,2,290,清和大学,セイワダイガク
729,1,2,583,摂南大学,セツナンダイガク
730,0,2,7583,摂南大学大学院,セツナンダイガクダイガクイン
731,1,2,358,専修大学,センシユウダイガク
732,0,2,7358,専修大学大学院,センシユウダイガクダイガクイン
733,1,2,899,洗足学園音楽大学,センゾクガクエンオンガクダイガク
734,0,2,7899,洗足学園音楽大学大学院,センゾクガクエンオンガクダイガクダイガクイン
735,1,2,247,仙台白百合女子大学,センダイシラユリジヨシダイガク
736,1,2,235,仙台大学,センダイダイガク
737,0,2,7235,仙台大学大学院,センダイダイガクダイガクイン
738,1,2,777,千里金蘭大学,センリキンランダイガク
739,1,2,584,相愛大学,ソウアイダイガク
740,0,2,7584,相愛大学大学院,ソウアイダイガクダイガクイン
741,1,2,359,創価大学,ソウカダイガク
742,0,2,7359,創価大学大学院,ソウカダイガクダイガクイン
743,0,1,7872,総合研究大学院大学,ソウゴウケンキユウダイガクインダイガク
744,1,2,703,崇城大学,ソウジヨウダイガク
745,0,2,7703,崇城大学大学院,ソウジヨウダイガクダイガクイン
746,1,2,249,創造学園大学,ソウゾウガクエンダイガク
747,1,2,616,園田学園女子大学,ソノダガクエンジヨシダイガク
748,1,3,9991,その他大学,ソノタダイガク
749,0,3,9992,その他大学院,ソノタダイガクイン
750,1,2,712,第一工業大学,ダイイチコウギヨウダイガク
751,1,2,690,第一薬科大学,ダイイチヤツカダイガク
752,0,2,7393,大学院大学至善館,ダイガクインダイガクシゼンカン
753,1,2,360,大正大学,タイシヨウダイガク
754,0,2,7360,大正大学大学院,タイシヨウダイガクダイガクイン
755,1,2,590,太成学院大学,タイセイガクインダイガク
756,1,2,788,大同大学,ダイドウダイガク
757,0,2,7788,大同大学大学院,ダイドウダイガクダイガクイン
758,1,2,361,大東文化大学,ダイトウブンカダイガク
759,0,2,7361,大東文化大学大学院,ダイトウブンカダイガクダイガクイン
760,1,2,460,高岡法科大学,タカオカホウカダイガク
761,0,2,7460,高岡法科大学大学院,タカオカホウカダイガクダイガクイン
762,1,1,34,高崎経済大学,タカサキケイザイダイガク
763,0,1,7034,高崎経済大学大学院,タカサキケイザイダイガクダイガクイン
764,1,2,263,高崎健康福祉大学,タカサキケンコウフクシダイガク
765,0,2,7263,高崎健康福祉大学大学院,タカサキケンコウフクシダイガクダイガクイン
766,1,2,262,高崎商科大学,タカサキシヨウカダイガク
767,0,2,7262,高崎商科大学大学院,タカサキシヨウカダイガクダイガクイン
768,1,2,362,高千穂大学,タカチホダイガク
769,0,2,7362,高千穂大学大学院,タカチホダイガクダイガクイン
770,1,2,677,高松大学,タカマツダイガク
771,0,2,7677,高松大学大学院,タカマツダイガクダイガクイン
772,1,2,130,宝塚医療大学,タカラヅカイリヨウダイガク
773,1,2,40,宝塚大学,タカラヅカダイガク
774,0,2,7040,宝塚大学大学院,タカラヅカダイガクダイガクイン
775,1,2,363,拓殖大学,タクシヨクダイガク
776,0,2,7363,拓殖大学大学院,タクシヨクダイガクダイガクイン
777,1,2,364,玉川大学,タマガワダイガク
778,0,2,7364,玉川大学大学院,タマガワダイガクダイガクイン
779,1,2,416,多摩大学,タマダイガク
780,0,2,7416,多摩大学大学院,タマダイガクダイガクイン
781,1,2,365,多摩美術大学,タマビジユツダイガク
782,0,2,7365,多摩美術大学大学院,タマビジユツダイガクダイガクイン
783,1,2,691,筑紫女学園大学,チクシジヨガクエンダイガク
784,0,2,7691,筑紫女学園大学大学院,チクシジヨガクエンダイガクダイガクイン
785,1,2,218,千歳科学技術大学,チトセカガクギジユツダイガク
786,0,2,7218,千歳科学技術大学大学院,チトセカガクギジユツダイガクダイガクイン
787,1,2,252,千葉科学大学,チバカガクダイガク
788,0,2,7252,千葉科学大学大学院,チバカガクダイガクダイガクイン
789,1,2,278,千葉経済大学,チバケイザイダイガク
790,0,2,7278,千葉経済大学大学院,チバケイザイダイガクダイガクイン
791,1,1,790,千葉県立保健医療大学,チバケンリツホケンイリヨウダイガク
792,1,2,279,千葉工業大学,チバコウギヨウダイガク
793,0,2,7279,千葉工業大学大学院,チバコウギヨウダイガクダイガクイン
794,1,2,280,千葉商科大学,チバシヨウカダイガク
795,0,2,7280,千葉商科大学大学院,チバシヨウカダイガクダイガクイン
796,1,1,41,千葉大学,チバダイガク
797,0,1,7041,千葉大学大学院,チバダイガクダイガクイン
798,1,2,281,中央学院大学,チユウオウガクインダイガク
799,0,2,7281,中央学院大学大学院,チユウオウガクインダイガクダイガクイン
800,1,2,366,中央大学,チユウオウダイガク
801,0,2,7366,中央大学大学院,チユウオウダイガクダイガクイン
802,1,2,530,中京学院大学,チユウキヨウガクインダイガク
803,1,2,492,中京大学,チユウキヨウダイガク
804,0,2,7492,中京大学大学院,チユウキヨウダイガクダイガクイン
805,1,2,668,中国学園大学,チユウゴクガクエンダイガク
806,0,2,7668,中国学園大学大学院,チユウゴクガクエンダイガクダイガクイン
807,1,1,814,中国職業能力開発大学校,チユウゴクシヨクギヨウノウリヨクカイハツダイガクコウ
808,1,1,561,中国職業能力開発大学校（応用課程）,チユウゴクシヨクギヨウノウリヨクカイハツダイガクコウ（オウヨウカテイ）
809,1,2,514,中部学院大学,チユウブガクインダイガク
810,0,2,7514,中部学院大学大学院,チユウブガクインダイガクダイガクイン
811,1,2,494,中部大学,チユウブダイガク
812,0,2,7494,中部大学大学院,チユウブダイガクダイガクイン
813,1,2,321,筑波学院大学,ツクバガクインダイガク
814,1,1,39,筑波技術大学,ツクバギジユツダイガク
815,0,1,7039,筑波技術大学大学院,ツクバギジユツダイガクダイガクイン
816,1,2,260,つくば国際大学,ツクバコクサイダイガク
817,1,1,36,筑波大学,ツクバダイガク
818,0,1,7036,筑波大学大学院,ツクバダイガクダイガクイン
819,1,2,367,津田塾大学,ツダジユクダイガク
820,0,2,7367,津田塾大学大学院,ツダジユクダイガクダイガクイン
821,1,1,199,敦賀市立看護大学,ツルガシリツカンゴダイガク
822,0,1,7199,敦賀市立看護大学大学院,ツルガシリツカンゴダイガクダイガクイン
823,1,1,69,都留文科大学,ツルブンカダイガク
824,0,1,7069,都留文科大学大学院,ツルブンカダイガクダイガクイン
825,1,2,446,鶴見大学,ツルミダイガク
826,0,2,7446,鶴見大学大学院,ツルミダイガクダイガクイン
827,1,2,467,帝京科学大学,テイキヨウカガクダイガク
828,0,2,7467,帝京科学大学大学院,テイキヨウカガクダイガクダイガクイン
829,1,2,368,帝京大学,テイキヨウダイガク
830,0,2,7368,帝京大学大学院,テイキヨウダイガクダイガクイン
831,1,2,282,帝京平成大学,テイキヨウヘイセイダイガク
832,0,2,7282,帝京平成大学大学院,テイキヨウヘイセイダイガクダイガクイン
833,1,2,418,デジタルハリウッド大学,デジタルハリウツドダイガク
834,0,2,7418,デジタルハリウッド大学大学院,デジタルハリウツドダイガクダイガクイン
835,1,2,585,帝塚山学院大学,テヅカヤマガクインダイガク
836,0,2,7585,帝塚山学院大学大学院,テヅカヤマガクインダイガクダイガクイン
837,1,2,632,帝塚山大学,テヅカヤマダイガク
838,0,2,7632,帝塚山大学大学院,テヅカヤマダイガクダイガクイン
839,1,2,442,田園調布学園大学,デンエンチヨウフガクエンダイガク
840,0,2,7442,田園調布学園大学大学院,デンエンチヨウフガクエンダイガクダイガクイン
841,1,1,44,電気通信大学,デンキツウシンダイガク
842,0,1,7044,電気通信大学大学院,デンキツウシンダイガクダイガクイン
843,1,2,852,天使大学,テンシダイガク
844,0,2,7852,天使大学大学院,テンシダイガクダイガクイン
845,1,2,184,天理医療大学,テンリイリヨウダイガク
846,1,2,633,天理大学,テンリダイガク
847,0,2,7633,天理大学大学院,テンリダイガクダイガクイン
848,1,2,659,東亜大学,トウアダイガク
849,0,2,7659,東亜大学大学院,トウアダイガクダイガクイン
850,1,2,445,桐蔭横浜大学,トウインヨコハマダイガク
851,0,2,7445,桐蔭横浜大学大学院,トウインヨコハマダイガクダイガクイン
852,1,2,985,東海学院大学,トウカイガクインダイガク
853,0,2,7985,東海学院大学大学院,トウカイガクインダイガクダイガクイン
854,1,2,497,東海学園大学,トウカイガクエンダイガク
855,0,2,7497,東海学園大学大学院,トウカイガクエンダイガクダイガクイン
856,1,1,813,東海職業能力開発大学校,トウカイシヨクギヨウノウリヨクカイハツダイガクコウ
857,1,1,560,東海職業能力開発大学校（応用課程）,トウカイシヨクギヨウノウリヨクカイハツダイガクコウ（オウヨウカテイ）
858,1,2,443,東海大学,トウカイダイガク
859,0,2,7443,東海大学大学院,トウカイダイガクダイガクイン
860,1,2,797,東京有明医療大学,トウキヨウアリアケイリヨウダイガク
861,0,2,7797,東京有明医療大学大学院,トウキヨウアリアケイリヨウダイガクダイガクイン
862,1,1,871,東京医科歯科大学,トウキヨウイカシカダイガク
863,0,1,7871,東京医科歯科大学大学院,トウキヨウイカシカダイガクダイガクイン
864,1,2,885,東京医科大学,トウキヨウイカダイガク
865,0,2,7885,東京医科大学大学院,トウキヨウイカダイガクダイガクイン
866,1,2,180,東京医療学院大学,トウキヨウイリヨウガクインダイガク
867,1,2,869,東京医療保健大学,トウキヨウイリヨウホケンダイガク
868,0,2,7869,東京医療保健大学大学院,トウキヨウイリヨウホケンダイガクダイガクイン
869,1,2,886,東京音楽大学,トウキヨウオンガクダイガク
870,0,2,7886,東京音楽大学大学院,トウキヨウオンガクダイガクダイガクイン
871,1,1,47,東京外国語大学,トウキヨウガイコクゴダイガク
872,0,1,7047,東京外国語大学大学院,トウキヨウガイコクゴダイガクダイガクイン
873,1,1,13,東京海洋大学,トウキヨウカイヨウダイガク
874,0,1,7013,東京海洋大学大学院,トウキヨウカイヨウダイガクダイガクイン
875,1,1,48,東京学芸大学,トウキヨウガクゲイダイガク
876,0,1,7048,東京学芸大学大学院,トウキヨウガクゲイダイガクダイガクイン
877,1,2,372,東京家政学院大学,トウキヨウカセイガクインダイガク
878,0,2,7372,東京家政学院大学大学院,トウキヨウカセイガクインダイガクダイガクイン
879,1,2,371,東京家政大学,トウキヨウカセイダイガク
880,0,2,7371,東京家政大学大学院,トウキヨウカセイダイガクダイガクイン
881,1,2,880,東京基督教大学,トウキヨウキリストキヨウダイガク
882,0,2,7880,東京基督教大学大学院,トウキヨウキリストキヨウダイガクダイガクイン
883,1,2,373,東京経済大学,トウキヨウケイザイダイガク
884,0,2,7373,東京経済大学大学院,トウキヨウケイザイダイガクダイガクイン
885,1,1,49,東京芸術大学,トウキヨウゲイジユツダイガク
886,0,1,7049,東京芸術大学大学院,トウキヨウゲイジユツダイガクダイガクイン
887,1,2,374,東京工科大学,トウキヨウコウカダイガク
888,0,2,7374,東京工科大学大学院,トウキヨウコウカダイガクダイガクイン
889,1,1,50,東京工業大学,トウキヨウコウギヨウダイガク
890,0,1,7050,東京工業大学大学院,トウキヨウコウギヨウダイガクダイガクイン
891,1,2,444,東京工芸大学,トウキヨウコウゲイダイガク
892,0,2,7444,東京工芸大学大学院,トウキヨウコウゲイダイガクダイガクイン
893,1,2,308,東京国際大学,トウキヨウコクサイダイガク
894,0,2,7308,東京国際大学大学院,トウキヨウコクサイダイガクダイガクイン
895,1,2,881,東京歯科大学,トウキヨウシカダイガク
896,0,2,7881,東京歯科大学大学院,トウキヨウシカダイガクダイガクイン
897,1,2,887,東京慈恵会医科大学,トウキヨウジケイカイイカダイガク
898,0,2,7887,東京慈恵会医科大学大学院,トウキヨウジケイカイイカダイガクダイガクイン
899,1,2,370,東京純心女子大学,トウキヨウジユンシンジヨシダイガク
900,1,2,428,東京純心大学,トウキヨウジユンシンダイガク
901,1,2,285,東京情報大学,トウキヨウジヨウホウダイガク
902,0,2,7285,東京情報大学大学院,トウキヨウジヨウホウダイガクダイガクイン
903,1,2,375,東京女学館大学,トウキヨウジヨガクカンダイガク
904,1,2,888,東京女子医科大学,トウキヨウジヨシイカダイガク
905,0,2,7888,東京女子医科大学大学院,トウキヨウジヨシイカダイガクダイガクイン
906,1,2,378,東京女子体育大学,トウキヨウジヨシタイイクダイガク
907,1,2,376,東京女子大学,トウキヨウジヨシダイガク
908,0,2,7376,東京女子大学大学院,トウキヨウジヨシダイガクダイガクイン
909,1,2,889,東京神学大学,トウキヨウシンガクダイガク
910,0,2,7889,東京神学大学大学院,トウキヨウシンガクダイガクダイガクイン
911,1,2,420,東京聖栄大学,トウキヨウセイエイダイガク
912,1,2,289,東京成徳大学,トウキヨウセイトクダイガク
913,0,2,7289,東京成徳大学大学院,トウキヨウセイトクダイガクダイガクイン
914,1,2,380,東京造形大学,トウキヨウゾウケイダイガク
915,0,2,7380,東京造形大学大学院,トウキヨウゾウケイダイガクダイガクイン
916,1,1,45,東京大学,トウキヨウダイガク
917,0,1,7045,東京大学大学院,トウキヨウダイガクダイガクイン
918,1,2,157,東京通信大学,トウキヨウツウシンダイガク
919,1,2,381,東京電機大学,トウキヨウデンキダイガク
920,0,2,7381,東京電機大学大学院,トウキヨウデンキダイガクダイガクイン
921,1,2,789,東京都市大学,トウキヨウトシダイガク
922,0,2,7789,東京都市大学大学院,トウキヨウトシダイガクダイガクイン
923,1,2,382,東京農業大学,トウキヨウノウギヨウダイガク
924,0,2,7382,東京農業大学大学院,トウキヨウノウギヨウダイガクダイガクイン
925,1,1,53,東京農工大学,トウキヨウノウコウダイガク
926,0,1,7053,東京農工大学大学院,トウキヨウノウコウダイガクダイガクイン
927,1,2,369,東京福祉大学,トウキヨウフクシダイガク
928,0,2,7369,東京福祉大学大学院,トウキヨウフクシダイガクダイガクイン
929,1,2,377,東京富士大学,トウキヨウフジダイガク
930,0,2,7377,東京富士大学大学院,トウキヨウフジダイガクダイガクイン
931,1,2,978,東京未来大学,トウキヨウミライダイガク
932,1,2,383,東京薬科大学,トウキヨウヤツカダイガク
933,0,2,7383,東京薬科大学大学院,トウキヨウヤツカダイガクダイガクイン
934,1,2,384,東京理科大学,トウキヨウリカダイガク
935,0,2,7384,東京理科大学大学院,トウキヨウリカダイガクダイガクイン
936,1,2,547,同志社女子大学,ドウシシヤジヨシダイガク
937,0,2,7547,同志社女子大学大学院,ドウシシヤジヨシダイガクダイガクイン
938,1,2,545,同志社大学,ドウシシヤダイガク
939,0,2,7545,同志社大学大学院,ドウシシヤダイガクダイガクイン
940,1,2,795,東都医療大学,トウトイリヨウダイガク
941,1,2,204,道都大学,ドウトダイガク
942,1,2,879,東邦音楽大学,トウホウオンガクダイガク
943,0,2,7879,東邦音楽大学大学院,トウホウオンガクダイガクダイガクイン
944,1,2,890,桐朋学園大学,トウホウガクエンダイガク
945,0,2,7890,桐朋学園大学院大学,トウホウガクエンダイガクインダイガク
946,1,2,385,東邦大学,トウホウダイガク
947,1,2,495,同朋大学,ドウホウダイガク
948,0,2,7385,東邦大学大学院,トウホウダイガクダイガクイン
949,0,2,7495,同朋大学大学院,ドウホウダイガクダイガクイン
950,1,2,556,東北医科薬科大学,トウホクイカヤツカダイガク
951,0,2,7556,東北医科薬科大学大学院,トウホクイカヤツカダイガクダイガクイン
952,1,2,236,東北学院大学,トウホクガクインダイガク
953,0,2,7236,東北学院大学大学院,トウホクガクインダイガクダイガクイン
954,1,2,246,東北芸術工科大学,トウホクゲイジユツコウカダイガク
955,0,2,7246,東北芸術工科大学大学院,トウホクゲイジユツコウカダイガクダイガクイン
956,1,2,248,東北公益文科大学,トウホクコウエキブンカダイガク
957,0,2,7248,東北公益文科大学大学院,トウホクコウエキブンカダイガクダイガクイン
958,1,2,237,東北工業大学,トウホクコウギヨウダイガク
959,0,2,7237,東北工業大学大学院,トウホクコウギヨウダイガクダイガクイン
960,1,1,816,東北職業能力開発大学校,トウホクシヨクギヨウノウリヨクカイハツダイガクコウ
961,1,1,586,東北職業能力開発大学校（応用課程）,トウホクシヨクギヨウノウリヨクカイハツダイガクコウ（オウヨウカテイ）
962,1,2,222,東北女子大学,トウホクジヨシダイガク
963,1,2,238,東北生活文化大学,トウホクセイカツブンカダイガク
964,1,1,21,東北大学,トウホクダイガク
965,0,1,7021,東北大学大学院,トウホクダイガクダイガクイン
966,1,2,239,東北福祉大学,トウホクフクシダイガク
967,0,2,7239,東北福祉大学大学院,トウホクフクシダイガクダイガクイン
968,1,2,754,東北文化学園大学,トウホクブンカガクエンダイガク
969,0,2,7754,東北文化学園大学大学院,トウホクブンカガクエンダイガクダイガクイン
970,1,2,30,東北文教大学,トウホクブンキヨウダイガク
971,1,2,240,東北薬科大学,トウホクヤツカダイガク
972,0,2,7240,東北薬科大学大学院,トウホクヤツカダイガクダイガクイン
973,1,2,449,東洋英和女学院大学,トウヨウエイワジヨガクインダイガク
974,0,2,7449,東洋英和女学院大学大学院,トウヨウエイワジヨガクインダイガクダイガクイン
975,1,2,284,東洋学園大学,トウヨウガクエンダイガク
976,0,2,7284,東洋学園大学大学院,トウヨウガクエンダイガクダイガクイン
977,1,2,387,東洋大学,トウヨウダイガク
978,0,2,7387,東洋大学大学院,トウヨウダイガクダイガクイン
979,1,2,761,常磐会学園大学,トキワカイガクエンダイガク
980,1,2,258,常磐大学,トキワダイガク
981,0,2,7258,常磐大学大学院,トキワダイガクダイガクイン
982,1,1,145,徳島大学,トクシマダイガク
983,0,1,7145,徳島大学大学院,トクシマダイガクダイガクイン
984,1,2,672,徳島文理大学,トクシマブンリダイガク
985,0,2,7672,徳島文理大学大学院,トクシマブンリダイガクダイガクイン
986,1,2,660,徳山大学,トクヤマダイガク
987,1,2,476,常葉学園大学,トコハガクエンダイガク
988,1,2,192,常葉大学,トコハダイガク
989,0,2,7192,常葉大学大学院,トコハダイガクダイガクイン
990,1,2,877,獨協医科大学,ドツキヨウイカダイガク
991,0,2,7877,獨協医科大学大学院,ドツキヨウイカダイガクダイガクイン
992,1,2,309,獨協大学,ドツキヨウダイガク
993,0,2,7309,獨協大学大学院,ドツキヨウダイガクダイガクイン
994,0,2,7988,獨協大学法科大学院,ドツキヨウダイガクホウカダイガクイン
995,1,2,638,鳥取環境大学,トツトリカンキヨウダイガク
996,0,2,7638,鳥取環境大学大学院,トツトリカンキヨウダイガクダイガクイン
997,1,2,451,鳥取看護大学,トツトリカンゴダイガク
998,0,2,7451,鳥取看護大学大学院,トツトリカンゴダイガクダイガクイン
999,1,1,133,鳥取大学,トツトリダイガク
1000,0,1,7133,鳥取大学大学院,トツトリダイガクダイガクイン
1001,1,2,219,苫小牧駒澤大学,トマコマイコマザワダイガク
1002,1,1,93,富山県立大学,トヤマケンリツダイガク
1003,0,1,7093,富山県立大学大学院,トヤマケンリツダイガクダイガクイン
1004,1,2,521,富山国際大学,トヤマコクサイダイガク
1005,1,1,91,富山大学,トヤマダイガク
1006,0,1,7091,富山大学大学院,トヤマダイガクダイガクイン
1007,1,2,916,豊田工業大学,トヨタコウギヨウダイガク
1008,0,2,7916,豊田工業大学大学院,トヨタコウギヨウダイガクダイガクイン
1009,1,1,86,豊橋技術科学大学,トヨハシギジユツカガクダイガク
1010,0,1,7086,豊橋技術科学大学大学院,トヨハシギジユツカガクダイガクダイガクイン
1011,1,2,508,豊橋創造大学,トヨハシソウゾウダイガク
1012,0,2,7508,豊橋創造大学大学院,トヨハシソウゾウダイガクダイガクイン
1013,1,1,66,長岡技術科学大学,ナガオカギジユツカガクダイガク
1014,0,1,7066,長岡技術科学大学大学院,ナガオカギジユツカガクダイガクダイガクイン
1015,1,1,391,長岡造形大学,ナガオカゾウケイダイガク
1016,0,1,7391,長岡造形大学大学院,ナガオカゾウケイダイガクダイガクイン
1017,1,2,576,長岡崇徳大学,ナガオカソウトクダイガク
1018,1,2,456,長岡大学,ナガオカダイガク
1019,1,2,726,長崎ウエスレヤン大学,ナガサキウエスレヤンダイガク
1020,1,2,723,長崎外国語大学,ナガサキガイコクゴダイガク
1021,1,1,165,長崎県立大学,ナガサキケンリツダイガク
1022,0,1,7165,長崎県立大学大学院,ナガサキケンリツダイガクダイガクイン
1023,1,2,720,長崎国際大学,ナガサキコクサイダイガク
1024,0,2,7720,長崎国際大学大学院,ナガサキコクサイダイガクダイガクイン
1025,1,2,715,長崎純心大学,ナガサキジユンシンダイガク
1026,0,2,7715,長崎純心大学大学院,ナガサキジユンシンダイガクダイガクイン
1027,1,2,701,長崎総合科学大学,ナガサキソウゴウカガクダイガク
1028,0,2,7701,長崎総合科学大学大学院,ナガサキソウゴウカガクダイガクダイガクイン
1029,1,1,164,長崎大学,ナガサキダイガク
1030,0,1,7164,長崎大学大学院,ナガサキダイガクダイガクイン
1031,1,1,873,長野県看護大学,ナガノケンカンゴダイガク
1032,0,1,7873,長野県看護大学大学院,ナガノケンカンゴダイガクダイガクイン
1033,1,1,217,長野県立大学,ナガノケンリツダイガク
1034,1,1,51,長野大学,ナガノダイガク
1035,1,2,430,長野保健医療大学,ナガノホケンイリヨウダイガク
1036,1,2,779,長浜バイオ大学,ナガハマバイオダイガク
1037,0,2,7779,長浜バイオ大学大学院,ナガハマバイオダイガクダイガクイン
1038,1,2,693,中村学園大学,ナカムラガクエンダイガク
1039,0,2,7693,中村学園大学大学院,ナカムラガクエンダイガクダイガクイン
1040,1,2,917,名古屋音楽大学,ナゴヤオンガクダイガク
1041,0,2,7917,名古屋音楽大学大学院,ナゴヤオンガクダイガクダイガクイン
1042,1,2,498,名古屋外国語大学,ナゴヤガイコクゴダイガク
1043,0,2,7498,名古屋外国語大学大学院,ナゴヤガイコクゴダイガクダイガクイン
1044,1,2,499,名古屋学院大学,ナゴヤガクインダイガク
1045,0,2,7499,名古屋学院大学大学院,ナゴヤガクインダイガクダイガクイン
1046,1,2,531,名古屋学芸大学,ナゴヤガクゲイダイガク
1047,0,2,7531,名古屋学芸大学大学院,ナゴヤガクゲイダイガクダイガクイン
1048,1,2,500,名古屋経済大学,ナゴヤケイザイダイガク
1049,0,2,7500,名古屋経済大学大学院,ナゴヤケイザイダイガクダイガクイン
1050,1,2,501,名古屋芸術大学,ナゴヤゲイジユツダイガク
1051,0,2,7501,名古屋芸術大学大学院,ナゴヤゲイジユツダイガクダイガクイン
1052,1,1,84,名古屋工業大学,ナゴヤコウギヨウダイガク
1053,0,1,7084,名古屋工業大学大学院,ナゴヤコウギヨウダイガクダイガクイン
1054,1,2,518,名古屋産業大学,ナゴヤサンギヨウダイガク
1055,0,2,7518,名古屋産業大学大学院,ナゴヤサンギヨウダイガクダイガクイン
1056,1,2,502,名古屋商科大学,ナゴヤシヨウカダイガク
1057,0,2,7502,名古屋商科大学大学院,ナゴヤシヨウカダイガクダイガクイン
1058,1,2,503,名古屋女子大学,ナゴヤジヨシダイガク
1059,0,2,7503,名古屋女子大学大学院,ナゴヤジヨシダイガクダイガクイン
1060,1,1,85,名古屋市立大学,ナゴヤシリツダイガク
1061,0,1,7085,名古屋市立大学大学院,ナゴヤシリツダイガクダイガクイン
1062,1,2,989,名古屋造形大学,ナゴヤゾウケイダイガク
1063,0,2,7989,名古屋造形大学大学院,ナゴヤゾウケイダイガクダイガクイン
1064,1,1,83,名古屋大学,ナゴヤダイガク
1065,0,1,7083,名古屋大学大学院,ナゴヤダイガクダイガクイン
1066,1,2,760,名古屋文理大学,ナゴヤブンリダイガク
1067,1,1,20,名寄市立大学,ナヨロシリツダイガク
1068,1,2,379,奈良学園大学,ナラガクエンダイガク
1069,0,2,7379,奈良学園大学大学院,ナラガクエンダイガクダイガクイン
1070,1,1,121,奈良教育大学,ナラキヨウイクダイガク
1071,0,1,7121,奈良教育大学大学院,ナラキヨウイクダイガクダイガクイン
1072,1,1,935,奈良県立医科大学,ナラケンリツイカダイガク
1073,0,1,7935,奈良県立医科大学大学院,ナラケンリツイカダイガクダイガクイン
1074,1,1,123,奈良県立大学,ナラケンリツダイガク
1075,1,2,635,奈良産業大学,ナラサンギヨウダイガク
1076,1,1,124,奈良女子大学,ナラジヨシダイガク
1077,0,1,7124,奈良女子大学大学院,ナラジヨシダイガクダイガクイン
1078,0,1,7122,奈良先端科学技術大学院大学,ナラセンタンカガクギジユツダイガクインダイガク
1079,1,2,634,奈良大学,ナラダイガク
1080,0,2,7634,奈良大学大学院,ナラダイガクダイガクイン
1081,1,1,146,鳴門教育大学,ナルトキヨウイクダイガク
1082,0,1,7146,鳴門教育大学大学院,ナルトキヨウイクダイガクダイガクイン
1083,1,2,505,南山大学,ナンザンダイガク
1084,0,2,7505,南山大学大学院,ナンザンダイガクダイガクイン
1085,1,2,905,新潟医療福祉大学,ニイガタイリヨウフクシダイガク
1086,0,2,7905,新潟医療福祉大学大学院,ニイガタイリヨウフクシダイガクダイガクイン
1087,1,2,462,新潟経営大学,ニイガタケイエイダイガク
1088,1,1,906,新潟県立看護大学,ニイガタケンリツカンゴダイガク
1089,0,1,7906,新潟県立看護大学大学院,ニイガタケンリツカンゴダイガクダイガクイン
1090,1,1,791,新潟県立大学,ニイガタケンリツダイガク
1091,0,1,7791,新潟県立大学大学院,ニイガタケンリツダイガクダイガクイン
1092,1,2,458,新潟工科大学,ニイガタコウカダイガク
1093,0,2,7458,新潟工科大学大学院,ニイガタコウカダイガクダイガクイン
1094,1,2,466,新潟国際情報大学,ニイガタコクサイジヨウホウダイガク
1095,1,2,463,新潟産業大学,ニイガタサンギヨウダイガク
1096,0,2,7463,新潟産業大学大学院,ニイガタサンギヨウダイガクダイガクイン
1097,1,2,196,新潟食料農業大学,ニイガタシヨクリヨウノウギヨウダイガク
1098,1,2,457,新潟青陵大学,ニイガタセイリヨウダイガク
1099,0,2,7457,新潟青陵大学大学院,ニイガタセイリヨウダイガクダイガクイン
1100,1,1,67,新潟大学,ニイガタダイガク
1101,0,1,7067,新潟大学大学院,ニイガタダイガクダイガクイン
1102,1,2,464,新潟薬科大学,ニイガタヤツカダイガク
1103,0,2,7464,新潟薬科大学大学院,ニイガタヤツカダイガクダイガクイン
1104,1,2,60,新潟リハビリテーション大学,ニイガタリハビリテーシヨンダイガク
1105,0,2,7163,新潟リハビリテーション大学大学院,ニイガタリハビリテーシヨンダイガクダイガクイン
1106,1,1,61,新見公立大学,ニイミコウリツダイガク
1107,0,1,7061,新見公立大学大学院,ニイミコウリツダイガクダイガクイン
1108,1,2,699,西九州大学,ニシキユウシユウダイガク
1109,0,2,7699,西九州大学大学院,ニシキユウシユウダイガクダイガクイン
1110,1,2,694,西日本工業大学,ニシニホンコウギヨウダイガク
1111,0,2,7694,西日本工業大学大学院,ニシニホンコウギヨウダイガクダイガクイン
1112,1,2,388,二松学舎大学,ニシヨウガクシヤダイガク
1113,0,2,7388,二松学舎大学大学院,ニシヨウガクシヤダイガクダイガクイン
1114,1,2,891,日本医科大学,ニホンイカダイガク
1115,0,2,7891,日本医科大学大学院,ニホンイカダイガクダイガクイン
1116,1,2,979,日本医療科学大学,ニホンイリヨウカガクダイガク
1117,1,2,200,日本医療大学,ニホンイリヨウダイガク
1118,1,2,178,日本ウェルネススポーツ大学,ニホンウエルネススポーツダイガク
1119,1,2,127,日本映画大学,ニホンエイガダイガク
1120,0,2,7426,日本教育大学院大学,ニホンキヨウイクダイガクインダイガク
1121,1,2,177,日本経済大学神戸三宮キャンパス,ニホンケイザイダイガクコウベサンノミヤ
1122,1,2,176,日本経済大学渋谷キャンパス,ニホンケイザイダイガクシブヤ
1123,0,2,7176,日本経済大学大学院,ニホンケイザイダイガクダイガクイン
1124,1,2,169,日本経済大学福岡キャンパス,ニホンケイザイダイガクフクオカ
1125,1,2,311,日本工業大学,ニホンコウギヨウダイガク
1126,0,2,7311,日本工業大学大学院,ニホンコウギヨウダイガクダイガクイン
1127,1,2,892,日本歯科大学,ニホンシカダイガク
1128,0,2,7892,日本歯科大学大学院,ニホンシカダイガクダイガクイン
1129,1,2,392,日本社会事業大学,ニホンシヤカイジギヨウダイガク
1130,0,2,7392,日本社会事業大学大学院,ニホンシヤカイジギヨウダイガクダイガクイン
1131,1,2,396,日本獣医生命科学大学,ニホンジユウイセイメイカガクダイガク
1132,0,2,7396,日本獣医生命科学大学大学院,ニホンジユウイセイメイカガクダイガクダイガクイン
1133,1,2,395,日本女子体育大学,ニホンジヨシタイイクダイガク
1134,0,2,7395,日本女子体育大学大学院,ニホンジヨシタイイクダイガクダイガクイン
1135,1,2,394,日本女子大学,ニホンジヨシダイガク
1136,0,2,7394,日本女子大学大学院,ニホンジヨシダイガクダイガクイン
1137,1,2,793,日本赤十字秋田看護大学,ニホンセキジユウジアキタカンゴダイガク
1138,0,2,7793,日本赤十字秋田看護大学大学院,ニホンセキジユウジアキタカンゴダイガクダイガクイン
1139,1,2,893,日本赤十字看護大学,ニホンセキジユウジカンゴダイガク
1140,0,2,7893,日本赤十字看護大学大学院,ニホンセキジユウジカンゴダイガクダイガクイン
1141,1,2,969,日本赤十字九州国際看護大学,ニホンセキジユウジキユウシユウコクサイカンゴダイガク
1142,0,2,7969,日本赤十字九州国際看護大学大学院,ニホンセキジユウジキユウシユウコクサイカンゴダイガクダイガクイン
1143,1,2,232,日本赤十字豊田看護大学,ニホンセキジユウジトヨタカンゴダイガク
1144,0,2,7232,日本赤十字豊田看護大学大学院,ニホンセキジユウジトヨタカンゴダイガクダイガクイン
1145,1,2,958,日本赤十字広島看護大学,ニホンセキジユウジヒロシマカンゴダイガク
1146,0,2,7958,日本赤十字広島看護大学大学院,ニホンセキジユウジヒロシマカンゴダイガクダイガクイン
1147,1,2,750,日本赤十字北海道看護大学,ニホンセキジユウジホツカイドウカンゴダイガク
1148,0,2,7750,日本赤十字北海道看護大学大学院,ニホンセキジユウジホツカイドウカンゴダイガクダイガクイン
1149,1,2,397,日本体育大学,ニホンタイイクダイガク
1150,0,2,7397,日本体育大学大学院,ニホンタイイクダイガクダイガクイン
1151,1,2,389,日本大学,ニホンダイガク
1152,0,2,7389,日本大学大学院,ニホンダイガクダイガクイン
1153,1,2,291,日本橋学館大学,ニホンバシガツカンダイガク
1154,1,2,506,日本福祉大学,ニホンフクシダイガク
1155,0,2,7506,日本福祉大学大学院,ニホンフクシダイガクダイガクイン
1156,1,2,398,日本文化大学,ニホンブンカダイガク
1157,1,2,706,日本文理大学,ニホンブンリダイガク
1158,0,2,7706,日本文理大学大学院,ニホンブンリダイガクダイガクイン
1159,1,2,62,日本保健医療大学,ニホンホケンイリヨウダイガク
1160,1,2,231,日本薬科大学,ニホンヤツカダイガク
1161,1,2,519,人間環境大学,ニンゲンカンキヨウダイガク
1162,0,2,7519,人間環境大学大学院,ニンゲンカンキヨウダイガクダイガクイン
1163,1,2,316,人間総合科学大学,ニンゲンソウゴウカガクダイガク
1164,0,2,7316,人間総合科学大学大学院,ニンゲンソウゴウカガクダイガクダイガクイン
1165,1,1,808,農業者大学校,ノウギヨウシヤダイガクコウ
1166,1,2,984,ノースアジア大学,ノースアジアダイガク
1167,1,2,648,ノートルダム清心女子大学,ノートルダムセイシンジヨシダイガク
1168,0,2,7648,ノートルダム清心女子大学大学院,ノートルダムセイシンジヨシダイガクダイガクイン
1169,1,2,587,梅花女子大学,バイカジヨシダイガク
1170,0,2,7587,梅花女子大学大学院,バイカジヨシダイガクダイガクイン
1171,1,2,661,梅光学院大学,バイコウガクインダイガク
1172,0,2,7661,梅光学院大学大学院,バイコウガクインダイガクダイガクイン
1173,1,2,254,白鴎大学,ハクオウダイガク
1174,0,2,7254,白鴎大学大学院,ハクオウダイガクダイガクイン
1175,1,2,205,函館大学,ハコダテダイガク
1176,1,2,594,羽衣国際大学,ハゴロモコクサイダイガク
1177,1,2,195,八戸学院大学,ハチノヘガクインダイガク
1178,1,2,225,八戸工業大学,ハチノヘコウギヨウダイガク
1179,0,2,7225,八戸工業大学大学院,ハチノヘコウギヨウダイガクダイガクイン
1180,1,2,224,八戸大学,ハチノヘダイガク
1181,1,2,549,花園大学,ハナゾノダイガク
1182,0,2,7549,花園大学大学院,ハナゾノダイガクダイガクイン
1183,1,1,910,浜松医科大学,ハママツイカダイガク
1184,0,1,7910,浜松医科大学大学院,ハママツイカダイガクダイガクイン
1185,1,2,265,浜松学院大学,ハママツガクインダイガク
1186,1,2,477,浜松大学,ハママツダイガク
1187,0,2,7477,浜松大学大学院,ハママツダイガクダイガクイン
1188,0,2,7959,ハリウッド大学院大学,ハリウツドダイガクインダイガク
1189,1,2,588,阪南大学,ハンナンダイガク
1190,0,2,7588,阪南大学大学院,ハンナンダイガクダイガクイン
1191,1,2,780,東大阪大学,ヒガシオオサカダイガク
1192,1,2,244,東日本国際大学,ヒガシニホンコクサイダイガク
1193,0,2,7533,光産業創成大学院大学,ヒカリサンギヨウソウセイダイガクインダイガク
1194,0,2,7063,ビジネス・ブレークスルー大学大学院,ビジネス・ブレークスルーダイガクダイガクイン
1195,1,2,63,ビジネス・ブレークスルー大学,ビシネスブレークスルーダイガク
1196,1,2,662,比治山大学,ヒジヤマダイガク
1197,0,2,7662,比治山大学大学院,ヒジヤマダイガクダイガクイン
1198,1,1,54,一橋大学,ヒトツバシダイガク
1199,0,1,7054,一橋大学大学院,ヒトツバシダイガクダイガクイン
1200,1,2,558,姫路大学,ヒメジダイガク
1201,0,2,7558,姫路大学大学院,ヒメジダイガクダイガクイン
1202,1,2,618,姫路獨協大学,ヒメジドツキヨウダイガク
1203,0,2,7618,姫路獨協大学大学院,ヒメジドツキヨウダイガクダイガクイン
1204,1,2,943,兵庫医科大学,ヒヨウゴイカダイガク
1205,0,2,7943,兵庫医科大学大学院,ヒヨウゴイカダイガクダイガクイン
1206,1,2,980,兵庫医療大学,ヒヨウゴイリヨウダイガク
1207,0,2,7980,兵庫医療大学大学院,ヒヨウゴイリヨウダイガクダイガクイン
1208,1,1,120,兵庫教育大学,ヒヨウゴキヨウイクダイガク
1209,0,1,7120,兵庫教育大学大学院,ヒヨウゴキヨウイクダイガクダイガクイン
1210,1,1,19,兵庫県立大学,ヒヨウゴケンリツダイガク
1211,0,1,7019,兵庫県立大学大学院,ヒヨウゴケンリツダイガクダイガクイン
1212,1,2,619,兵庫大学,ヒヨウゴダイガク
1213,0,2,7619,兵庫大学大学院,ヒヨウゴダイガクダイガクイン
1214,1,2,792,弘前医療福祉大学,ヒロサキイリヨウフクシダイガク
1215,1,2,223,弘前学院大学,ヒロサキガクインダイガク
1216,0,2,7223,弘前学院大学大学院,ヒロサキガクインダイガクダイガクイン
1217,1,1,15,弘前大学,ヒロサキダイガク
1218,0,1,7015,弘前大学大学院,ヒロサキダイガクダイガクイン
1219,1,2,651,広島経済大学,ヒロシマケイザイダイガク
1220,0,2,7651,広島経済大学大学院,ヒロシマケイザイダイガクダイガクイン
1221,1,2,652,広島工業大学,ヒロシマコウギヨウダイガク
1222,0,2,7652,広島工業大学大学院,ヒロシマコウギヨウダイガクダイガクイン
1223,1,2,655,広島国際学院大学,ヒロシマコクサイガクインダイガク
1224,0,2,7655,広島国際学院大学大学院,ヒロシマコクサイガクインダイガクダイガクイン
1225,1,2,956,広島国際大学,ヒロシマコクサイダイガク
1226,0,2,7956,広島国際大学大学院,ヒロシマコクサイダイガクダイガクイン
1227,1,2,653,広島修道大学,ヒロシマシユウドウダイガク
1228,0,2,7653,広島修道大学大学院,ヒロシマシユウドウダイガクダイガクイン
1229,1,2,654,広島女学院大学,ヒロシマジヨガクインダイガク
1230,0,2,7654,広島女学院大学大学院,ヒロシマジヨガクインダイガクダイガクイン
1231,1,1,142,広島市立大学,ヒロシマシリツダイガク
1232,0,1,7142,広島市立大学大学院,ヒロシマシリツダイガクダイガクイン
1233,1,1,135,広島大学,ヒロシマダイガク
1234,0,1,7135,広島大学大学院,ヒロシマダイガクダイガクイン
1235,0,2,7799,広島都市学園大学大学院,ヒロシマトシガクエンダイガクダイガクイン
1236,1,2,799,広島都市学園大学,ヒロシマトシダイガク
1237,1,2,787,広島文化学園大学,ヒロシマブンカガクエンダイガク
1238,0,2,7787,広島文化学園大学大学院,ヒロシマブンカガクエンダイガクダイガクイン
1239,1,2,656,広島文教女子大学,ヒロシマブンキヨウジヨシダイガク
1240,0,2,7656,広島文教女子大学大学院,ヒロシマブンキヨウジヨシダイガクダイガクイン
1241,1,2,582,広島文教大学,ヒロシマブンキヨウダイガク
1242,0,2,7582,広島文教大学大学院,ヒロシマブンキヨウダイガクダイガクイン
1243,1,2,786,びわこ学院大学,ビワコガクインダイガク
1244,1,2,767,びわこ成蹊スポーツ大学,ビワコセイケイスポーツダイガク
1245,0,2,7767,びわこ成蹊スポーツ大学大学院,ビワコセイケイスポーツダイガクダイガクイン
1246,1,2,570,プール学院大学,プールガクインダイガク
1247,0,2,7570,プール学院大学大学院,プールガクインダイガクダイガクイン
1248,1,2,447,フェリス女学院大学,フエリスジヨガクインダイガク
1249,0,2,7447,フェリス女学院大学大学院,フエリスジヨガクインダイガクダイガクイン
1250,1,2,117,福井医療大学,フクイイリヨウダイガク
1251,1,1,97,福井県立大学,フクイケンリツダイガク
1252,0,1,7097,福井県立大学大学院,フクイケンリツダイガクダイガクイン
1253,1,2,527,福井工業大学,フクイコウギヨウダイガク
1254,0,2,7527,福井工業大学大学院,フクイコウギヨウダイガクダイガクイン
1255,1,1,96,福井大学,フクイダイガク
1256,0,1,7096,福井大学大学院,フクイダイガクダイガクイン
1257,1,2,856,福岡医療福祉大学,フクオカイリヨウフクシダイガク
1258,1,2,52,福岡看護大学,フクオカカンゴダイガク
1259,1,1,160,福岡教育大学,フクオカキヨウイクダイガク
1260,0,1,7160,福岡教育大学大学院,フクオカキヨウイクダイガクダイガクイン
1261,1,1,159,福岡県立大学,フクオカケンリツダイガク
1262,0,1,7159,福岡県立大学大学院,フクオカケンリツダイガクダイガクイン
1263,1,2,697,福岡工業大学,フクオカコウギヨウダイガク
1264,0,2,7697,福岡工業大学大学院,フクオカコウギヨウダイガクダイガクイン
1265,1,2,591,福岡国際医療福祉大学,フクオカコクサイイリヨウフクシダイガク
1266,1,2,696,福岡国際大学,フクオカコクサイダイガク
1267,1,2,966,福岡歯科大学,フクオカシカダイガク
1268,0,2,7966,福岡歯科大学大学院,フクオカシカダイガクダイガクイン
1269,1,2,997,福岡女学院看護大学,フクオカジヨガクインカンゴダイガク
1270,1,2,698,福岡女学院大学,フクオカジヨガクインダイガク
1271,0,2,7698,福岡女学院大学大学院,フクオカジヨガクインダイガクダイガクイン
1272,1,1,161,福岡女子大学,フクオカジヨシダイガク
1273,0,1,7161,福岡女子大学大学院,フクオカジヨシダイガクダイガクイン
1274,1,2,695,福岡大学,フクオカダイガク
1275,0,2,7695,福岡大学大学院,フクオカダイガクダイガクイン
1276,1,2,781,福島学院大学,フクシマガクインダイガク
1277,0,2,7781,福島学院大学大学院,フクシマガクインダイガクダイガクイン
1278,1,1,860,福島県立医科大学,フクシマケンリツイカダイガク
1279,0,1,7860,福島県立医科大学大学院,フクシマケンリツイカダイガクダイガクイン
1280,1,1,24,福島大学,フクシマダイガク
1281,0,1,7024,福島大学大学院,フクシマダイガクダイガクイン
1282,1,1,557,福知山公立大学,フクチヤマコウリツダイガク
1283,1,1,126,福山市立大学,フクヤマシリツダイガク
1284,0,1,7126,福山市立大学大学院,フクヤマシリツダイガクダイガクイン
1285,1,2,657,福山大学,フクヤマダイガク
1286,0,2,7657,福山大学大学院,フクヤマダイガクダイガクイン
1287,1,2,663,福山平成大学,フクヤマヘイセイダイガク
1288,0,2,7663,福山平成大学大学院,フクヤマヘイセイダイガクダイガクイン
1289,1,2,207,藤女子大学,フジジヨシダイガク
1290,0,2,7207,藤女子大学大学院,フジジヨシダイガクダイガクイン
1291,1,2,227,富士大学,フジダイガク
1292,0,2,7227,富士大学大学院,フジダイガクダイガクイン
1293,1,2,592,藤田医科大学,フジタイカダイガク
1294,0,2,7592,藤田医科大学大学院,フジタイカダイガクダイガクイン
1295,1,2,918,藤田保健衛生大学,フジタホケンエイセイダイガク
1296,0,2,7918,藤田保健衛生大学大学院,フジタホケンエイセイダイガクダイガクイン
1297,1,2,472,富士常葉大学,フジトコハダイガク
1298,1,2,550,佛教大学,ブツキヨウダイガク
1299,0,2,7550,佛教大学大学院,ブツキヨウダイガクダイガクイン
1300,1,2,153,文化学園大学,ブンカガクエンダイガク
1301,0,2,7153,文化学園大学大学院,ブンカガクエンダイガクダイガクイン
1302,1,2,400,文化女子大学,ブンカジヨシダイガク
1303,0,2,7427,文化ファッション大学院大学,ブンカフアツシヨンダイガクインダイガク
1304,1,2,313,文京学院大学,ブンキヨウガクインダイガク
1305,0,2,7313,文京学院大学大学院,ブンキヨウガクインダイガクダイガクイン
1306,1,2,312,文教大学,ブンキヨウダイガク
1307,0,2,7312,文教大学大学院,ブンキヨウダイガクダイガクイン
1308,1,2,756,文星芸術大学,ブンセイゲイジユツダイガク
1309,0,2,7756,文星芸術大学大学院,ブンセイゲイジユツダイガクダイガクイン
1310,1,2,554,平安女学院大学,ヘイアンジヨガクインダイガク
1311,1,2,724,平成音楽大学,ヘイセイオンガクダイガク
1312,1,2,315,平成国際大学,ヘイセイコクサイダイガク
1313,0,2,7315,平成国際大学大学院,ヘイセイコクサイダイガクダイガクイン
1314,1,2,707,別府大学,ベツプダイガク
1315,0,2,7707,別府大学大学院,ベツプダイガクダイガクイン
1316,1,1,801,防衛医科大学校,ボウエイイカダイガクコウ
1317,0,1,7801,防衛医科大学校,ボウエイイカダイガクコウ
1318,1,1,800,防衛大学校,ボウエイダイガクコウ
1319,1,2,401,法政大学,ホウセイダイガク
1320,0,2,7401,法政大学大学院,ホウセイダイガクダイガクイン
1321,1,2,810,放送大学,ホウソウダイガク
1322,0,2,7810,放送大学大学院,ホウソウダイガクダイガクイン
1323,1,2,983,北翔大学,ホクシヨウダイガク
1324,0,2,7983,北翔大学大学院,ホクシヨウダイガクダイガクイン
1325,1,2,213,北星学園大学,ホクセイガクエンダイガク
1326,0,2,7213,北星学園大学大学院,ホクセイガクエンダイガクダイガクイン
1327,1,2,999,北陸学院大学,ホクリクガクインダイガク
1328,1,1,819,北陸職業能力開発大学校,ホクリクシヨクギヨウノウリヨクカイハツダイガクコウ
1329,1,1,630,北陸職業能力開発大学校（応用課程）,ホクリクシヨクギヨウノウリヨクカイハツダイガクコウ（オウヨウカテイ）
1330,0,1,7098,北陸先端科学技術大学院大学,ホクリクセンタンカガクギジユツダイガクインダイガク
1331,1,2,526,北陸大学,ホクリクダイガク
1332,0,2,7526,北陸大学大学院,ホクリクダイガクダイガクイン
1333,1,2,998,保健医療経営大学,ホケンイリヨウケイエイダイガク
1334,1,2,402,星薬科大学,ホシヤツカダイガク
1335,0,2,7402,星薬科大学大学院,ホシヤツカダイガクダイガクイン
1336,1,2,208,北海学園大学,ホツカイガクエンダイガク
1337,0,2,7208,北海学園大学大学院,ホツカイガクエンダイガクダイガクイン
1338,1,2,785,北海商科大学,ホツカイシヨウカダイガク
1339,0,2,7785,北海商科大学大学院,ホツカイシヨウカダイガクダイガクイン
1340,1,2,206,北海道医療大学,ホツカイドウイリヨウダイガク
1341,0,2,7206,北海道医療大学大学院,ホツカイドウイリヨウダイガクダイガクイン
1342,1,2,386,北海道科学大学,ホツカイドウカガクダイガク
1343,0,2,7386,北海道科学大学大学院,ホツカイドウカガクダイガクダイガクイン
1344,1,1,8,北海道教育大学,ホツカイドウキヨウイクダイガク
1345,0,1,7008,北海道教育大学大学院,ホツカイドウキヨウイクダイガクダイガクイン
1346,1,2,210,北海道工業大学,ホツカイドウコウギヨウダイガク
1347,0,2,7210,北海道工業大学大学院,ホツカイドウコウギヨウダイガクダイガクイン
1348,1,2,215,北海道情報大学,ホツカイドウジヨウホウダイガク
1349,0,2,7215,北海道情報大学大学院,ホツカイドウジヨウホウダイガクダイガクイン
1350,1,1,815,北海道職業能力開発大学校,ホツカイドウシヨクギヨウノウリヨクカイハツダイガクコウ
1351,1,1,562,北海道職業能力開発大学校（応用課程）,ホツカイドウシヨクギヨウノウリヨクカイハツダイガクコウ（オウヨウカテイ）
1352,1,1,7,北海道大学,ホツカイドウダイガク
1353,0,1,7007,北海道大学大学院,ホツカイドウダイガクダイガクイン
1354,1,2,100,北海道千歳リハビリテーション大学,ホツカイドウチトセリハビリテーシヨンダイガク
1355,1,2,751,北海道文教大学,ホツカイドウブンキヨウダイガク
1356,0,2,7751,北海道文教大学大学院,ホツカイドウブンキヨウダイガクダイガクイン
1357,1,2,212,北海道薬科大学,ホツカイドウヤツカダイガク
1358,0,2,7212,北海道薬科大学大学院,ホツカイドウヤツカダイガクダイガクイン
1359,1,1,38,前橋工科大学,マエバシコウカダイガク
1360,0,1,7038,前橋工科大学大学院,マエバシコウカダイガクダイガクイン
1361,1,2,901,松本歯科大学,マツモトシカダイガク
1362,0,2,7901,松本歯科大学大学院,マツモトシカダイガクダイガクイン
1363,1,2,470,松本大学,マツモトダイガク
1364,0,2,7470,松本大学大学院,マツモトダイガクダイガクイン
1365,1,2,676,松山東雲女子大学,マツヤマシノノメジヨシダイガク
1366,1,2,675,松山大学,マツヤマダイガク
1367,0,2,7675,松山大学大学院,マツヤマダイガクダイガクイン
1368,1,1,912,三重県立看護大学,ミエケンリツカンゴダイガク
1369,0,1,7912,三重県立看護大学大学院,ミエケンリツカンゴダイガクダイガクイン
1370,1,1,87,三重大学,ミエダイガク
1371,0,1,7087,三重大学大学院,ミエダイガクダイガクイン
1372,1,2,708,南九州大学,ミナミキユウシユウダイガク
1373,0,2,7708,南九州大学大学院,ミナミキユウシユウダイガクダイガクイン
1374,1,2,902,身延山大学,ミノブサンダイガク
1375,1,2,646,美作大学,ミマサカダイガク
1376,0,2,7646,美作大学大学院,ミマサカダイガクダイガクイン
1377,1,2,241,宮城学院女子大学,ミヤギガクインジヨシダイガク
1378,0,2,7241,宮城学院女子大学大学院,ミヤギガクインジヨシダイガクダイガクイン
1379,1,1,22,宮城教育大学,ミヤギキヨウイクダイガク
1380,0,1,7022,宮城教育大学大学院,ミヤギキヨウイクダイガクダイガクイン
1381,1,1,26,宮城大学,ミヤギダイガク
1382,0,1,7026,宮城大学大学院,ミヤギダイガクダイガクイン
1383,1,1,964,宮崎県立看護大学,ミヤザキケンリツカンゴダイガク
1384,0,1,7964,宮崎県立看護大学大学院,ミヤザキケンリツカンゴダイガクダイガクイン
1385,1,1,171,宮崎公立大学,ミヤザキコウリツダイガク
1386,1,2,716,宮崎国際大学,ミヤザキコクサイダイガク
1387,1,2,709,宮崎産業経営大学,ミヤザキサンギヨウケイエイダイガク
1388,1,1,170,宮崎大学,ミヤザキダイガク
1389,0,1,7170,宮崎大学大学院,ミヤザキダイガクダイガクイン
1390,1,2,620,武庫川女子大学,ムコガワジヨシダイガク
1391,0,2,7620,武庫川女子大学大学院,ムコガワジヨシダイガクダイガクイン
1392,1,2,403,武蔵大学,ムサシダイガク
1393,0,2,7403,武蔵大学大学院,ムサシダイガクダイガクイン
1394,1,2,894,武蔵野音楽大学,ムサシノオンガクダイガク
1395,0,2,7894,武蔵野音楽大学大学院,ムサシノオンガクダイガクダイガクイン
1396,1,2,298,武蔵野学院大学,ムサシノガクインダイガク
1397,0,2,7298,武蔵野学院大学大学院,ムサシノガクインダイガクダイガクイン
1398,1,2,268,武蔵野大学,ムサシノダイガク
1399,0,2,7268,武蔵野大学大学院,ムサシノダイガクダイガクイン
1400,1,2,407,武蔵野美術大学,ムサシノビジユツダイガク
1401,0,2,7407,武蔵野美術大学大学院,ムサシノビジユツダイガクダイガクイン
1402,1,1,9,室蘭工業大学,ムロランコウギヨウダイガク
1403,0,1,7009,室蘭工業大学大学院,ムロランコウギヨウダイガクダイガクイン
1404,1,1,108,名桜大学,メイオウダイガク
1405,0,1,7108,名桜大学大学院,メイオウダイガクダイガクイン
1406,1,2,314,明海大学,メイカイダイガク
1407,0,2,7314,明海大学大学院,メイカイダイガクダイガクイン
1408,1,2,409,明治学院大学,メイジガクインダイガク
1409,0,2,7409,明治学院大学大学院,メイジガクインダイガクダイガクイン
1410,1,2,945,明治国際医療大学,メイジコクサイイリヨウダイガク
1411,0,2,7945,明治国際医療大学大学院,メイジコクサイイリヨウダイガクダイガクイン
1412,1,2,408,明治大学,メイジダイガク
1413,0,2,7408,明治大学大学院,メイジダイガクダイガクイン
1414,1,2,410,明治薬科大学,メイジヤツカダイガク
1415,0,2,7410,明治薬科大学大学院,メイジヤツカダイガクダイガクイン
1416,1,2,507,名城大学,メイジヨウダイガク
1417,0,2,7507,名城大学大学院,メイジヨウダイガクダイガクイン
1418,1,2,411,明星大学,メイセイダイガク
1419,0,2,7411,明星大学大学院,メイセイダイガクダイガクイン
1420,1,2,310,目白大学,メジロダイガク
1421,0,2,7310,目白大学大学院,メジロダイガクダイガクイン
1422,1,2,317,ものつくり大学,モノツクリダイガク
1423,0,2,7317,ものつくり大学大学院,モノツクリダイガクダイガクイン
1424,1,2,229,桃山学院教育大学,モモヤマガクインキヨウイクダイガク
1425,1,2,589,桃山学院大学,モモヤマガクインダイガク
1426,0,2,7589,桃山学院大学大学院,モモヤマガクインダイガクダイガクイン
1427,1,2,228,盛岡大学,モリオカダイガク
1428,1,2,976,森ノ宮医療大学,モリノミヤイリヨウダイガク
1429,0,2,7976,森ノ宮医療大学大学院,モリノミヤイリヨウダイガクダイガクイン
1430,1,2,658,安田女子大学,ヤスダジヨシダイガク
1431,0,2,7658,安田女子大学大学院,ヤスダジヨシダイガクダイガクイン
1432,1,1,862,山形県立保健医療大学,ヤマガタケンリツホケンイリヨウダイガク
1433,0,1,7862,山形県立保健医療大学大学院,ヤマガタケンリツホケンイリヨウダイガクダイガクイン
1434,1,1,198,山形県立米沢栄養大学,ヤマガタケンリツヨネザワエイヨウダイガク
1435,0,1,7198,山形県立米沢栄養大学大学院,ヤマガタケンリツヨネザワエイヨウダイガクダイガクイン
1436,1,1,23,山形大学,ヤマガタダイガク
1437,0,1,7023,山形大学大学院,ヤマガタダイガクダイガクイン
1438,1,2,974,山口学芸大学,ヤマグチガクゲイダイガク
1439,0,2,7974,山口学芸大学大学院,ヤマグチガクゲイダイガクダイガクイン
1440,1,1,139,山口県立大学,ヤマグチケンリツダイガク
1441,0,1,7139,山口県立大学大学院,ヤマグチケンリツダイガクダイガクイン
1442,1,1,138,山口大学,ヤマグチダイガク
1443,0,1,7138,山口大学大学院,ヤマグチダイガクダイガクイン
1444,1,2,665,山口東京理科大学,ヤマグチトウキヨウリカダイガク
1445,0,2,7665,山口東京理科大学大学院,ヤマグチトウキヨウリカダイガクダイガクイン
1446,1,2,986,山口福祉文化大学,ヤマグチフクシブンカダイガク
1447,1,2,64,ヤマザキ学園大学,ヤマザキガクエンダイガク
1448,1,2,261,ヤマザキ動物看護大学,ヤマザキドウブツカンゴダイガク
1449,1,2,299,大和大学,ヤマトダイガク
1450,1,2,469,山梨英和大学,ヤマナシエイワダイガク
1451,0,2,7469,山梨英和大学大学院,ヤマナシエイワダイガクダイガクイン
1452,1,2,468,山梨学院大学,ヤマナシガクインダイガク
1453,0,2,7468,山梨学院大学大学院,ヤマナシガクインダイガクダイガクイン
1454,1,1,454,山梨県立大学,ヤマナシケンリツダイガク
1455,0,1,7454,山梨県立大学大学院,ヤマナシケンリツダイガクダイガクイン
1456,1,1,70,山梨大学,ヤマナシダイガク
1457,0,1,7070,山梨大学大学院,ヤマナシダイガクダイガクイン
1458,1,1,57,横浜国立大学,ヨコハマコクリツダイガク
1459,0,1,7057,横浜国立大学大学院,ヨコハマコクリツダイガクダイガクイン
1460,1,2,448,横浜商科大学,ヨコハマシヨウカダイガク
1461,1,1,58,横浜市立大学,ヨコハマシリツダイガク
1462,0,1,7058,横浜市立大学大学院,ヨコハマシリツダイガクダイガクイン
1463,1,2,181,横浜創英大学,ヨコハマソウエイダイガク
1464,0,2,7181,横浜創英大学大学院,ヨコハマソウエイダイガクダイガクイン
1465,1,2,71,横浜美術大学,ヨコハマビジユツダイガク
1466,1,2,450,横浜薬科大学,ヨコハマヤツカダイガク
1467,0,2,7450,横浜薬科大学大学院,ヨコハマヤツカダイガクダイガクイン
1468,1,2,975,四日市看護医療大学,ヨツカイチカンゴイリヨウダイガク
1469,0,2,7975,四日市看護医療大学大学院,ヨツカイチカンゴイリヨウダイガクダイガクイン
1470,1,2,511,四日市大学,ヨツカイチダイガク
1471,1,2,214,酪農学園大学,ラクノウガクエンダイガク
1472,0,2,7214,酪農学園大学大学院,ラクノウガクエンダイガクダイガクイン
1473,1,2,412,立教大学,リツキヨウダイガク
1474,0,2,7412,立教大学大学院,リツキヨウダイガクダイガクイン
1475,1,2,413,立正大学,リツシヨウダイガク
1476,0,2,7413,立正大学大学院,リツシヨウダイガクダイガクイン
1477,1,2,721,立命館アジア太平洋大学,リツメイカンアジアタイヘイヨウダイガク
1478,0,2,7721,立命館アジア太平洋大学大学院,リツメイカンアジアタイヘイヨウダイガクダイガクイン
1479,1,2,552,立命館大学,リツメイカンダイガク
1480,0,2,7552,立命館大学大学院,リツメイカンダイガクダイガクイン
1481,1,1,174,琉球大学,リユウキユウダイガク
1482,0,1,7174,琉球大学大学院,リユウキユウダイガクダイガクイン
1483,1,2,553,龍谷大学,リユウコクダイガク
1484,0,2,7553,龍谷大学大学院,リユウコクダイガクダイガクイン
1485,1,2,622,流通科学大学,リユウツウカガクダイガク
1486,0,2,7622,流通科学大学大学院,リユウツウカガクダイガクダイガクイン
1487,1,2,259,流通経済大学,リユウツウケイザイダイガク
1488,0,2,7259,流通経済大学大学院,リユウツウケイザイダイガクダイガクイン
1489,1,2,322,了徳寺大学,リヨウトクジダイガク
1490,1,2,895,ルーテル学院大学,ルーテルガクインダイガク
1491,0,2,7895,ルーテル学院大学大学院,ルーテルガクインダイガクダイガクイン
1492,1,2,287,麗澤大学,レイタクダイガク
1493,0,2,7287,麗澤大学大学院,レイタクダイガクダイガクイン
1494,0,2,7390,ＬＥＣ東京リーガルマインド大学院大学,レツクトウキヨウリーガルマインドダイガクインダイガク
1495,1,1,936,和歌山県立医科大学,ワカヤマケンリツイカダイガク
1496,0,1,7936,和歌山県立医科大学大学院,ワカヤマケンリツイカダイガクダイガクイン
1497,1,2,597,和歌山信愛大学,ワカヤマシンアイダイガク
1498,1,1,125,和歌山大学,ワカヤマダイガク
1499,0,1,7125,和歌山大学大学院,ワカヤマダイガクダイガクイン
1500,1,2,414,和光大学,ワコウダイガク
1501,0,2,7414,和光大学大学院,ワコウダイガクダイガクイン
1502,1,2,415,早稲田大学,ワセダダイガク
1503,0,2,7415,早稲田大学大学院,ワセダダイガクダイガクイン
1504,1,2,226,稚内北星学園大学,ワツカナイホクセイガクエンダイガク
1505,1,2,288,和洋女子大学,ワヨウジヨシダイガク
1506,0,2,7288,和洋女子大学大学院,ワヨウジヨシダイガクダイガクイン
