"id","workerno","role","group_id","group_ids","email","password","name","kananame","misslogincount","is_disabled","login_token","remember_token","created_at","updated_at"
"101","101","2","121","","eigyo1@rpaform.rikunabi.com","","３部営業A","","","","","","",""
"102","102","2","121","","eigyo2@rpaform.rikunabi.com","","３部営業B","","","","","","",""
"103","103","2","98","","eigyo3@rpaform.rikunabi.com","","地活営業A","","","","","","",""
"104","104","2","121","","eigyo4@rpaform.rikunabi.com","","３部営業C未受注企業のみ","","","","","","",""
"105","105","6","121","121","gm1@rpaform.rikunabi.com","","３部GM","","","","","","",""
"106","","4","121","121","lc@localhost.com","","ランサーズ","","","","","","",""
"201","","1","","","kiyoshima@dande-lion.co.jp","","受注企業KCOログイン1","","","0","","","",""
"202","","1","","","customers2@rpaform.rikunabi.com","","受注企業KCO未ログイン2","","","1","","","",""
"203","","1","","","20RPA_webform@ml.cocorou.jp","","20RPA_webform受注企業KCOログイン3","","","0","","","",""
"204","","1","","","Naoya_Kinoshita@r.recruit.co.jp","","Naoya_Kinoshita受注企業KCOログイン4","","","0","","","",""
"205","","1","","","mayo_shimizu@r.recruit.co.jp","","mayo_shimizu受注企業KCOログイン5","","","0","","","",""
"206","","1","","","m_onishi@r.recruit.co.jp","","m_onishi受注企業KCOログイン6","","","0","","","",""
"207","","1","","","customers7@rpaform.rikunabi.com","","受注企業KCOログイン7","","","0","","","",""
"208","","1","","","customers8@rpaform.rikunabi.com","","受注企業KCOログイン8","","","0","","","",""
"209","","1","","","customers9@rpaform.rikunabi.com","","受注企業KCOログイン9","","","0","","","",""
"210","","1","","","customers10@rpaform.rikunabi.com","","受注企業KCOログイン10","","","0","","","",""
"211","","1","","","customers11@rpaform.rikunabi.com","","受注企業KCOログイン11","","","0","","","",""
"212","","1","","","customers12@rpaform.rikunabi.com","","受注企業KCOログイン12","","","0","","","",""
"213","","1","","","customers13@rpaform.rikunabi.com","","受注企業KCOログイン13","","","0","","","",""
"214","","1","","","customers14@rpaform.rikunabi.com","","受注企業KCOログイン14","","","0","","","",""
"215","","1","","","customers15@rpaform.rikunabi.com","","受注企業KCOログイン15","","","0","","","",""
"216","","1","","","customers16@rpaform.rikunabi.com","","受注企業KCOログイン16","","","0","","","",""
"217","","1","","","customers17@rpaform.rikunabi.com","","受注企業KCOログイン17","","","0","","","",""
"218","","1","","","customers18@rpaform.rikunabi.com","","受注企業KCOログイン18","","","0","","","",""
"219","","1","","","customers19@rpaform.rikunabi.com","","受注企業KCOログイン19","","","0","","","",""
"220","","1","","","customers20@rpaform.rikunabi.com","","受注企業KCOログイン20","","","0","","","",""
"221","","1","","","customers21@rpaform.rikunabi.com","","受注企業KCOログイン21","","","0","","","",""
"222","","1","","","customers22@rpaform.rikunabi.com","","受注企業KCOログイン22","","","0","","","",""
"223","","1","","","customers23@rpaform.rikunabi.com","","受注企業KCOログイン23","","","0","","","",""
"224","","1","","","customers24@rpaform.rikunabi.com","","受注企業KCOログイン24","","","0","","","",""
"225","","1","","","customers25@rpaform.rikunabi.com","","受注企業KCOログイン25","","","0","","","",""
"226","","1","","","customers26@rpaform.rikunabi.com","","受注企業KCOログイン26","","","0","","","",""
"227","","1","","","customers27@rpaform.rikunabi.com","","受注企業KCOログイン27","","","0","","","",""
"228","","1","","","customers28@rpaform.rikunabi.com","","受注企業KCOログイン28","","","0","","","",""
"229","","1","","","customers29@rpaform.rikunabi.com","","受注企業KCOログイン29","","","0","","","",""
"230","","1","","","customers30@rpaform.rikunabi.com","","受注企業KCOログイン30","","","0","","","",""
"231","","1","","","customers31@rpaform.rikunabi.com","","受注企業KCOログイン31","","","0","","","",""
"232","","1","","","customers32@rpaform.rikunabi.com","","受注企業KCOログイン32","","","0","","","",""
"233","","1","","","customers33@rpaform.rikunabi.com","","受注企業KCOログイン33","","","0","","","",""
"234","","1","","","customers34@rpaform.rikunabi.com","","受注企業KCOログイン34","","","0","","","",""
"235","","1","","","customers35@rpaform.rikunabi.com","","受注企業KCOログイン35","","","0","","","",""
"236","","1","","","customers36@rpaform.rikunabi.com","","受注企業KCOログイン36","","","0","","","",""
"237","","1","","","customers37@rpaform.rikunabi.com","","受注企業KCOログイン37","","","0","","","",""
"238","","1","","","customers38@rpaform.rikunabi.com","","受注企業KCOログイン38","","","0","","","",""
"239","","1","","","customers39@rpaform.rikunabi.com","","未受注企業KCO未ログイン","","","1","","","",""